chr,start,end,value,group
1,1,1000000,1,fast
1,1000001,2000000,1,fast
1,2000001,3000000,1,slow
1,3000001,4000000,1,slow
1,4000001,5000000,1,slow
1,5000001,6000000,1,fast
1,6000001,7000000,1,slow
1,7000001,8000000,1,slow
1,8000001,9000000,1,fast
1,9000001,10000000,1,fast
1,10000001,11000000,1,slow
1,11000001,12000000,1,slow
1,12000001,13000000,1,slow
1,13000001,14000000,1,slow
1,14000001,15000000,1,fast
1,15000001,16000000,1,slow
1,16000001,17000000,1,slow
1,17000001,18000000,1,slow
1,18000001,19000000,1,slow
1,19000001,20000000,1,fast
1,20000001,21000000,1,fast
1,21000001,22000000,1,slow
1,22000001,23000000,1,slow
1,23000001,24000000,1,slow
1,24000001,25000000,1,fast
1,25000001,26000000,1,fast
1,26000001,27000000,1,slow
1,27000001,28000000,1,fast
1,28000001,29000000,1,slow
1,29000001,30000000,1,slow
1,30000001,31000000,1,fast
1,31000001,32000000,1,slow
1,32000001,33000000,1,slow
1,33000001,34000000,1,slow
1,34000001,35000000,1,slow
1,35000001,36000000,1,fast
1,36000001,37000000,1,fast
1,37000001,38000000,1,fast
1,38000001,39000000,1,slow
1,39000001,40000000,1,fast
1,40000001,41000000,1,fast
1,41000001,42000000,1,fast
1,42000001,43000000,1,slow
1,43000001,44000000,1,fast
1,44000001,45000000,1,slow
1,45000001,46000000,1,fast
1,46000001,47000000,1,slow
1,47000001,48000000,1,slow
1,48000001,49000000,1,fast
1,49000001,50000000,1,slow
1,50000001,51000000,1,fast
1,51000001,52000000,1,slow
1,52000001,53000000,1,slow
1,53000001,54000000,1,fast
1,54000001,55000000,1,slow
1,55000001,56000000,1,slow
1,56000001,57000000,1,slow
1,57000001,58000000,1,slow
1,58000001,59000000,1,fast
1,59000001,60000000,1,fast
1,60000001,61000000,1,slow
1,61000001,62000000,1,slow
1,62000001,63000000,1,slow
1,63000001,64000000,1,slow
1,64000001,65000000,1,slow
1,65000001,66000000,1,fast
1,66000001,67000000,1,slow
1,67000001,68000000,1,fast
1,68000001,69000000,1,slow
1,69000001,70000000,1,slow
1,70000001,71000000,1,slow
1,71000001,72000000,1,slow
1,72000001,73000000,1,fast
1,73000001,74000000,1,fast
1,74000001,75000000,1,slow
1,75000001,76000000,1,fast
1,76000001,77000000,1,fast
1,77000001,78000000,1,slow
1,78000001,79000000,1,slow
1,79000001,80000000,1,slow
1,80000001,81000000,1,slow
1,81000001,82000000,1,slow
1,82000001,83000000,1,fast
1,83000001,84000000,1,fast
1,84000001,85000000,1,fast
1,85000001,86000000,1,slow
1,86000001,87000000,1,slow
1,87000001,88000000,1,fast
1,88000001,89000000,1,fast
1,89000001,90000000,1,slow
1,90000001,91000000,1,fast
1,91000001,92000000,1,fast
1,92000001,93000000,1,slow
1,93000001,94000000,1,slow
1,94000001,95000000,1,slow
1,95000001,96000000,1,slow
1,96000001,97000000,1,slow
1,97000001,98000000,1,fast
1,98000001,99000000,1,fast
1,99000001,100000000,1,slow
1,100000001,101000000,1,slow
1,101000001,102000000,1,fast
1,102000001,103000000,1,fast
1,103000001,104000000,1,slow
1,104000001,105000000,1,fast
1,105000001,106000000,1,slow
1,106000001,107000000,1,fast
1,107000001,108000000,1,fast
1,108000001,109000000,1,fast
1,109000001,110000000,1,fast
1,110000001,111000000,1,slow
1,111000001,112000000,1,fast
1,112000001,113000000,1,fast
1,113000001,114000000,1,fast
1,114000001,115000000,1,slow
1,115000001,116000000,1,slow
1,116000001,117000000,1,slow
1,117000001,118000000,1,fast
1,118000001,119000000,1,slow
1,119000001,120000000,1,slow
1,120000001,121000000,1,slow
1,121000001,122000000,1,fast
1,122000001,123000000,1,slow
1,123000001,124000000,1,fast
1,124000001,125000000,1,fast
1,125000001,126000000,1,slow
1,126000001,127000000,1,fast
1,127000001,128000000,1,slow
1,128000001,129000000,1,fast
1,129000001,130000000,1,fast
1,130000001,131000000,1,fast
1,131000001,132000000,1,fast
1,132000001,133000000,1,fast
1,133000001,134000000,1,slow
1,134000001,135000000,1,fast
1,135000001,136000000,1,fast
1,136000001,137000000,1,slow
1,137000001,138000000,1,fast
1,138000001,139000000,1,fast
1,139000001,140000000,1,slow
1,140000001,141000000,1,slow
1,141000001,142000000,1,slow
1,142000001,143000000,1,slow
1,143000001,144000000,1,slow
1,144000001,145000000,1,fast
1,145000001,146000000,1,fast
1,146000001,147000000,1,fast
1,147000001,148000000,1,slow
1,148000001,149000000,1,slow
1,149000001,150000000,1,slow
1,150000001,151000000,1,fast
1,151000001,152000000,1,fast
1,152000001,153000000,1,slow
1,153000001,154000000,1,fast
1,154000001,155000000,1,slow
1,155000001,156000000,1,slow
1,156000001,157000000,1,slow
1,157000001,158000000,1,slow
1,158000001,159000000,1,slow
1,159000001,160000000,1,slow
1,160000001,161000000,1,slow
1,161000001,162000000,1,slow
1,162000001,163000000,1,fast
1,163000001,164000000,1,slow
1,164000001,165000000,1,fast
1,165000001,166000000,1,slow
1,166000001,167000000,1,slow
1,167000001,168000000,1,fast
1,168000001,169000000,1,fast
1,169000001,170000000,1,fast
1,170000001,171000000,1,fast
1,171000001,172000000,1,slow
1,172000001,173000000,1,fast
1,173000001,174000000,1,fast
1,174000001,175000000,1,fast
1,175000001,176000000,1,slow
1,176000001,177000000,1,slow
1,177000001,178000000,1,slow
1,178000001,179000000,1,slow
1,179000001,180000000,1,slow
1,180000001,181000000,1,fast
1,181000001,182000000,1,fast
1,182000001,183000000,1,slow
1,183000001,184000000,1,fast
1,184000001,185000000,1,slow
1,185000001,186000000,1,fast
1,186000001,187000000,1,fast
1,187000001,188000000,1,fast
1,188000001,189000000,1,slow
1,189000001,190000000,1,fast
1,190000001,191000000,1,slow
1,191000001,192000000,1,slow
1,192000001,193000000,1,fast
1,193000001,194000000,1,slow
1,194000001,195000000,1,fast
1,195000001,196000000,1,slow
1,196000001,197000000,1,fast
1,197000001,198000000,1,fast
1,198000001,199000000,1,fast
1,199000001,200000000,1,slow
1,200000001,201000000,1,slow
1,201000001,202000000,1,fast
1,202000001,203000000,1,fast
1,203000001,204000000,1,fast
1,204000001,205000000,1,slow
1,205000001,206000000,1,fast
1,206000001,207000000,1,fast
1,207000001,208000000,1,slow
1,208000001,209000000,1,fast
1,209000001,210000000,1,fast
1,210000001,211000000,1,slow
1,211000001,212000000,1,slow
1,212000001,213000000,1,fast
1,213000001,214000000,1,fast
1,214000001,215000000,1,fast
1,215000001,216000000,1,fast
1,216000001,217000000,1,slow
1,217000001,218000000,1,slow
1,218000001,219000000,1,slow
1,219000001,220000000,1,slow
1,220000001,221000000,1,fast
1,221000001,222000000,1,fast
1,222000001,223000000,1,slow
1,223000001,224000000,1,fast
1,224000001,225000000,1,slow
1,225000001,226000000,1,slow
1,226000001,227000000,1,slow
1,227000001,228000000,1,slow
1,228000001,229000000,1,slow
1,229000001,230000000,1,slow
1,230000001,231000000,1,fast
1,231000001,232000000,1,fast
1,232000001,233000000,1,slow
1,233000001,234000000,1,slow
1,234000001,235000000,1,fast
1,235000001,236000000,1,fast
1,236000001,237000000,1,fast
1,237000001,238000000,1,fast
1,238000001,239000000,1,fast
1,239000001,240000000,1,fast
1,240000001,241000000,1,fast
1,241000001,242000000,1,slow
1,242000001,243000000,1,fast
1,243000001,244000000,1,fast
1,244000001,245000000,1,fast
1,245000001,246000000,1,slow
1,246000001,247000000,1,fast
1,247000001,248000000,1,fast
1,248000001,248956422,1,fast
2,1,1000000,1,slow
2,1000001,2000000,1,slow
2,2000001,3000000,1,fast
2,3000001,4000000,1,slow
2,4000001,5000000,1,slow
2,5000001,6000000,1,slow
2,6000001,7000000,1,fast
2,7000001,8000000,1,slow
2,8000001,9000000,1,slow
2,9000001,10000000,1,slow
2,10000001,11000000,1,slow
2,11000001,12000000,1,fast
2,12000001,13000000,1,fast
2,13000001,14000000,1,slow
2,14000001,15000000,1,slow
2,15000001,16000000,1,slow
2,16000001,17000000,1,fast
2,17000001,18000000,1,fast
2,18000001,19000000,1,slow
2,19000001,20000000,1,slow
2,20000001,21000000,1,fast
2,21000001,22000000,1,fast
2,22000001,23000000,1,fast
2,23000001,24000000,1,slow
2,24000001,25000000,1,slow
2,25000001,26000000,1,fast
2,26000001,27000000,1,fast
2,27000001,28000000,1,fast
2,28000001,29000000,1,fast
2,29000001,30000000,1,slow
2,30000001,31000000,1,slow
2,31000001,32000000,1,slow
2,32000001,33000000,1,slow
2,33000001,34000000,1,fast
2,34000001,35000000,1,slow
2,35000001,36000000,1,fast
2,36000001,37000000,1,fast
2,37000001,38000000,1,slow
2,38000001,39000000,1,fast
2,39000001,40000000,1,slow
2,40000001,41000000,1,fast
2,41000001,42000000,1,fast
2,42000001,43000000,1,fast
2,43000001,44000000,1,slow
2,44000001,45000000,1,slow
2,45000001,46000000,1,slow
2,46000001,47000000,1,fast
2,47000001,48000000,1,slow
2,48000001,49000000,1,slow
2,49000001,50000000,1,slow
2,50000001,51000000,1,slow
2,51000001,52000000,1,slow
2,52000001,53000000,1,slow
2,53000001,54000000,1,slow
2,54000001,55000000,1,slow
2,55000001,56000000,1,slow
2,56000001,57000000,1,slow
2,57000001,58000000,1,fast
2,58000001,59000000,1,fast
2,59000001,60000000,1,slow
2,60000001,61000000,1,fast
2,61000001,62000000,1,fast
2,62000001,63000000,1,slow
2,63000001,64000000,1,fast
2,64000001,65000000,1,slow
2,65000001,66000000,1,slow
2,66000001,67000000,1,slow
2,67000001,68000000,1,slow
2,68000001,69000000,1,slow
2,69000001,70000000,1,slow
2,70000001,71000000,1,slow
2,71000001,72000000,1,slow
2,72000001,73000000,1,slow
2,73000001,74000000,1,slow
2,74000001,75000000,1,slow
2,75000001,76000000,1,fast
2,76000001,77000000,1,fast
2,77000001,78000000,1,fast
2,78000001,79000000,1,fast
2,79000001,80000000,1,slow
2,80000001,81000000,1,slow
2,81000001,82000000,1,slow
2,82000001,83000000,1,fast
2,83000001,84000000,1,fast
2,84000001,85000000,1,slow
2,85000001,86000000,1,fast
2,86000001,87000000,1,fast
2,87000001,88000000,1,fast
2,88000001,89000000,1,slow
2,89000001,90000000,1,fast
2,90000001,91000000,1,slow
2,91000001,92000000,1,slow
2,92000001,93000000,1,fast
2,93000001,94000000,1,fast
2,94000001,95000000,1,slow
2,95000001,96000000,1,slow
2,96000001,97000000,1,fast
2,97000001,98000000,1,slow
2,98000001,99000000,1,slow
2,99000001,100000000,1,fast
2,100000001,101000000,1,slow
2,101000001,102000000,1,slow
2,102000001,103000000,1,slow
2,103000001,104000000,1,slow
2,104000001,105000000,1,fast
2,105000001,106000000,1,fast
2,106000001,107000000,1,slow
2,107000001,108000000,1,slow
2,108000001,109000000,1,slow
2,109000001,110000000,1,slow
2,110000001,111000000,1,slow
2,111000001,112000000,1,fast
2,112000001,113000000,1,fast
2,113000001,114000000,1,fast
2,114000001,115000000,1,fast
2,115000001,116000000,1,slow
2,116000001,117000000,1,slow
2,117000001,118000000,1,fast
2,118000001,119000000,1,fast
2,119000001,120000000,1,fast
2,120000001,121000000,1,slow
2,121000001,122000000,1,fast
2,122000001,123000000,1,slow
2,123000001,124000000,1,slow
2,124000001,125000000,1,slow
2,125000001,126000000,1,slow
2,126000001,127000000,1,fast
2,127000001,128000000,1,fast
2,128000001,129000000,1,slow
2,129000001,130000000,1,slow
2,130000001,131000000,1,slow
2,131000001,132000000,1,slow
2,132000001,133000000,1,slow
2,133000001,134000000,1,fast
2,134000001,135000000,1,fast
2,135000001,136000000,1,slow
2,136000001,137000000,1,fast
2,137000001,138000000,1,fast
2,138000001,139000000,1,slow
2,139000001,140000000,1,fast
2,140000001,141000000,1,slow
2,141000001,142000000,1,slow
2,142000001,143000000,1,slow
2,143000001,144000000,1,fast
2,144000001,145000000,1,fast
2,145000001,146000000,1,slow
2,146000001,147000000,1,fast
2,147000001,148000000,1,slow
2,148000001,149000000,1,fast
2,149000001,150000000,1,slow
2,150000001,151000000,1,fast
2,151000001,152000000,1,slow
2,152000001,153000000,1,fast
2,153000001,154000000,1,fast
2,154000001,155000000,1,fast
2,155000001,156000000,1,fast
2,156000001,157000000,1,fast
2,157000001,158000000,1,slow
2,158000001,159000000,1,fast
2,159000001,160000000,1,fast
2,160000001,161000000,1,fast
2,161000001,162000000,1,fast
2,162000001,163000000,1,fast
2,163000001,164000000,1,fast
2,164000001,165000000,1,fast
2,165000001,166000000,1,slow
2,166000001,167000000,1,fast
2,167000001,168000000,1,slow
2,168000001,169000000,1,slow
2,169000001,170000000,1,slow
2,170000001,171000000,1,slow
2,171000001,172000000,1,fast
2,172000001,173000000,1,slow
2,173000001,174000000,1,slow
2,174000001,175000000,1,fast
2,175000001,176000000,1,slow
2,176000001,177000000,1,fast
2,177000001,178000000,1,fast
2,178000001,179000000,1,slow
2,179000001,180000000,1,slow
2,180000001,181000000,1,slow
2,181000001,182000000,1,fast
2,182000001,183000000,1,fast
2,183000001,184000000,1,fast
2,184000001,185000000,1,slow
2,185000001,186000000,1,slow
2,186000001,187000000,1,fast
2,187000001,188000000,1,slow
2,188000001,189000000,1,slow
2,189000001,190000000,1,fast
2,190000001,191000000,1,fast
2,191000001,192000000,1,slow
2,192000001,193000000,1,slow
2,193000001,194000000,1,fast
2,194000001,195000000,1,slow
2,195000001,196000000,1,fast
2,196000001,197000000,1,slow
2,197000001,198000000,1,fast
2,198000001,199000000,1,slow
2,199000001,200000000,1,fast
2,200000001,201000000,1,fast
2,201000001,202000000,1,slow
2,202000001,203000000,1,slow
2,203000001,204000000,1,fast
2,204000001,205000000,1,fast
2,205000001,206000000,1,slow
2,206000001,207000000,1,fast
2,207000001,208000000,1,slow
2,208000001,209000000,1,slow
2,209000001,210000000,1,slow
2,210000001,211000000,1,slow
2,211000001,212000000,1,fast
2,212000001,213000000,1,fast
2,213000001,214000000,1,fast
2,214000001,215000000,1,slow
2,215000001,216000000,1,fast
2,216000001,217000000,1,fast
2,217000001,218000000,1,slow
2,218000001,219000000,1,slow
2,219000001,220000000,1,fast
2,220000001,221000000,1,fast
2,221000001,222000000,1,fast
2,222000001,223000000,1,fast
2,223000001,224000000,1,slow
2,224000001,225000000,1,slow
2,225000001,226000000,1,fast
2,226000001,227000000,1,fast
2,227000001,228000000,1,slow
2,228000001,229000000,1,slow
2,229000001,230000000,1,slow
2,230000001,231000000,1,fast
2,231000001,232000000,1,slow
2,232000001,233000000,1,fast
2,233000001,234000000,1,slow
2,234000001,235000000,1,fast
2,235000001,236000000,1,slow
2,236000001,237000000,1,fast
2,237000001,238000000,1,slow
2,238000001,239000000,1,fast
2,239000001,240000000,1,slow
2,240000001,241000000,1,slow
2,241000001,242000000,1,slow
2,242000001,242193529,1,fast
3,1,1000000,1,fast
3,1000001,2000000,1,fast
3,2000001,3000000,1,fast
3,3000001,4000000,1,slow
3,4000001,5000000,1,fast
3,5000001,6000000,1,fast
3,6000001,7000000,1,fast
3,7000001,8000000,1,fast
3,8000001,9000000,1,slow
3,9000001,10000000,1,slow
3,10000001,11000000,1,fast
3,11000001,12000000,1,fast
3,12000001,13000000,1,slow
3,13000001,14000000,1,slow
3,14000001,15000000,1,fast
3,15000001,16000000,1,fast
3,16000001,17000000,1,fast
3,17000001,18000000,1,fast
3,18000001,19000000,1,slow
3,19000001,20000000,1,slow
3,20000001,21000000,1,slow
3,21000001,22000000,1,slow
3,22000001,23000000,1,slow
3,23000001,24000000,1,fast
3,24000001,25000000,1,slow
3,25000001,26000000,1,slow
3,26000001,27000000,1,fast
3,27000001,28000000,1,fast
3,28000001,29000000,1,slow
3,29000001,30000000,1,fast
3,30000001,31000000,1,fast
3,31000001,32000000,1,slow
3,32000001,33000000,1,fast
3,33000001,34000000,1,slow
3,34000001,35000000,1,fast
3,35000001,36000000,1,slow
3,36000001,37000000,1,slow
3,37000001,38000000,1,slow
3,38000001,39000000,1,fast
3,39000001,40000000,1,fast
3,40000001,41000000,1,fast
3,41000001,42000000,1,fast
3,42000001,43000000,1,slow
3,43000001,44000000,1,slow
3,44000001,45000000,1,fast
3,45000001,46000000,1,fast
3,46000001,47000000,1,fast
3,47000001,48000000,1,fast
3,48000001,49000000,1,slow
3,49000001,50000000,1,slow
3,50000001,51000000,1,fast
3,51000001,52000000,1,slow
3,52000001,53000000,1,fast
3,53000001,54000000,1,slow
3,54000001,55000000,1,slow
3,55000001,56000000,1,slow
3,56000001,57000000,1,slow
3,57000001,58000000,1,fast
3,58000001,59000000,1,slow
3,59000001,60000000,1,slow
3,60000001,61000000,1,slow
3,61000001,62000000,1,slow
3,62000001,63000000,1,fast
3,63000001,64000000,1,slow
3,64000001,65000000,1,fast
3,65000001,66000000,1,slow
3,66000001,67000000,1,slow
3,67000001,68000000,1,slow
3,68000001,69000000,1,slow
3,69000001,70000000,1,slow
3,70000001,71000000,1,slow
3,71000001,72000000,1,slow
3,72000001,73000000,1,fast
3,73000001,74000000,1,fast
3,74000001,75000000,1,slow
3,75000001,76000000,1,fast
3,76000001,77000000,1,fast
3,77000001,78000000,1,slow
3,78000001,79000000,1,slow
3,79000001,80000000,1,fast
3,80000001,81000000,1,slow
3,81000001,82000000,1,slow
3,82000001,83000000,1,fast
3,83000001,84000000,1,fast
3,84000001,85000000,1,slow
3,85000001,86000000,1,fast
3,86000001,87000000,1,fast
3,87000001,88000000,1,fast
3,88000001,89000000,1,fast
3,89000001,90000000,1,fast
3,90000001,91000000,1,fast
3,91000001,92000000,1,slow
3,92000001,93000000,1,slow
3,93000001,94000000,1,slow
3,94000001,95000000,1,fast
3,95000001,96000000,1,slow
3,96000001,97000000,1,fast
3,97000001,98000000,1,fast
3,98000001,99000000,1,slow
3,99000001,100000000,1,fast
3,100000001,101000000,1,slow
3,101000001,102000000,1,fast
3,102000001,103000000,1,slow
3,103000001,104000000,1,fast
3,104000001,105000000,1,slow
3,105000001,106000000,1,fast
3,106000001,107000000,1,fast
3,107000001,108000000,1,fast
3,108000001,109000000,1,fast
3,109000001,110000000,1,slow
3,110000001,111000000,1,fast
3,111000001,112000000,1,fast
3,112000001,113000000,1,fast
3,113000001,114000000,1,fast
3,114000001,115000000,1,slow
3,115000001,116000000,1,fast
3,116000001,117000000,1,fast
3,117000001,118000000,1,fast
3,118000001,119000000,1,slow
3,119000001,120000000,1,fast
3,120000001,121000000,1,slow
3,121000001,122000000,1,slow
3,122000001,123000000,1,slow
3,123000001,124000000,1,fast
3,124000001,125000000,1,fast
3,125000001,126000000,1,slow
3,126000001,127000000,1,slow
3,127000001,128000000,1,fast
3,128000001,129000000,1,fast
3,129000001,130000000,1,fast
3,130000001,131000000,1,fast
3,131000001,132000000,1,fast
3,132000001,133000000,1,slow
3,133000001,134000000,1,slow
3,134000001,135000000,1,slow
3,135000001,136000000,1,slow
3,136000001,137000000,1,slow
3,137000001,138000000,1,slow
3,138000001,139000000,1,slow
3,139000001,140000000,1,fast
3,140000001,141000000,1,slow
3,141000001,142000000,1,slow
3,142000001,143000000,1,fast
3,143000001,144000000,1,slow
3,144000001,145000000,1,slow
3,145000001,146000000,1,fast
3,146000001,147000000,1,fast
3,147000001,148000000,1,fast
3,148000001,149000000,1,fast
3,149000001,150000000,1,slow
3,150000001,151000000,1,slow
3,151000001,152000000,1,fast
3,152000001,153000000,1,slow
3,153000001,154000000,1,slow
3,154000001,155000000,1,slow
3,155000001,156000000,1,slow
3,156000001,157000000,1,slow
3,157000001,158000000,1,fast
3,158000001,159000000,1,slow
3,159000001,160000000,1,fast
3,160000001,161000000,1,slow
3,161000001,162000000,1,fast
3,162000001,163000000,1,fast
3,163000001,164000000,1,fast
3,164000001,165000000,1,slow
3,165000001,166000000,1,fast
3,166000001,167000000,1,slow
3,167000001,168000000,1,fast
3,168000001,169000000,1,fast
3,169000001,170000000,1,slow
3,170000001,171000000,1,slow
3,171000001,172000000,1,slow
3,172000001,173000000,1,fast
3,173000001,174000000,1,fast
3,174000001,175000000,1,fast
3,175000001,176000000,1,slow
3,176000001,177000000,1,fast
3,177000001,178000000,1,fast
3,178000001,179000000,1,slow
3,179000001,180000000,1,slow
3,180000001,181000000,1,fast
3,181000001,182000000,1,fast
3,182000001,183000000,1,slow
3,183000001,184000000,1,slow
3,184000001,185000000,1,slow
3,185000001,186000000,1,fast
3,186000001,187000000,1,fast
3,187000001,188000000,1,slow
3,188000001,189000000,1,slow
3,189000001,190000000,1,slow
3,190000001,191000000,1,slow
3,191000001,192000000,1,fast
3,192000001,193000000,1,fast
3,193000001,194000000,1,fast
3,194000001,195000000,1,fast
3,195000001,196000000,1,slow
3,196000001,197000000,1,slow
3,197000001,198000000,1,slow
3,198000001,198295559,1,fast
4,1,1000000,1,fast
4,1000001,2000000,1,fast
4,2000001,3000000,1,fast
4,3000001,4000000,1,slow
4,4000001,5000000,1,fast
4,5000001,6000000,1,slow
4,6000001,7000000,1,fast
4,7000001,8000000,1,fast
4,8000001,9000000,1,slow
4,9000001,10000000,1,fast
4,10000001,11000000,1,fast
4,11000001,12000000,1,slow
4,12000001,13000000,1,slow
4,13000001,14000000,1,slow
4,14000001,15000000,1,slow
4,15000001,16000000,1,fast
4,16000001,17000000,1,slow
4,17000001,18000000,1,fast
4,18000001,19000000,1,fast
4,19000001,20000000,1,slow
4,20000001,21000000,1,slow
4,21000001,22000000,1,fast
4,22000001,23000000,1,slow
4,23000001,24000000,1,slow
4,24000001,25000000,1,slow
4,25000001,26000000,1,slow
4,26000001,27000000,1,fast
4,27000001,28000000,1,slow
4,28000001,29000000,1,fast
4,29000001,30000000,1,fast
4,30000001,31000000,1,fast
4,31000001,32000000,1,slow
4,32000001,33000000,1,fast
4,33000001,34000000,1,fast
4,34000001,35000000,1,slow
4,35000001,36000000,1,fast
4,36000001,37000000,1,slow
4,37000001,38000000,1,fast
4,38000001,39000000,1,slow
4,39000001,40000000,1,slow
4,40000001,41000000,1,slow
4,41000001,42000000,1,slow
4,42000001,43000000,1,slow
4,43000001,44000000,1,fast
4,44000001,45000000,1,fast
4,45000001,46000000,1,slow
4,46000001,47000000,1,fast
4,47000001,48000000,1,fast
4,48000001,49000000,1,fast
4,49000001,50000000,1,fast
4,50000001,51000000,1,slow
4,51000001,52000000,1,fast
4,52000001,53000000,1,fast
4,53000001,54000000,1,fast
4,54000001,55000000,1,fast
4,55000001,56000000,1,fast
4,56000001,57000000,1,fast
4,57000001,58000000,1,fast
4,58000001,59000000,1,slow
4,59000001,60000000,1,slow
4,60000001,61000000,1,fast
4,61000001,62000000,1,fast
4,62000001,63000000,1,slow
4,63000001,64000000,1,slow
4,64000001,65000000,1,slow
4,65000001,66000000,1,slow
4,66000001,67000000,1,fast
4,67000001,68000000,1,fast
4,68000001,69000000,1,slow
4,69000001,70000000,1,slow
4,70000001,71000000,1,slow
4,71000001,72000000,1,slow
4,72000001,73000000,1,fast
4,73000001,74000000,1,fast
4,74000001,75000000,1,fast
4,75000001,76000000,1,fast
4,76000001,77000000,1,fast
4,77000001,78000000,1,slow
4,78000001,79000000,1,fast
4,79000001,80000000,1,fast
4,80000001,81000000,1,slow
4,81000001,82000000,1,fast
4,82000001,83000000,1,fast
4,83000001,84000000,1,fast
4,84000001,85000000,1,fast
4,85000001,86000000,1,slow
4,86000001,87000000,1,fast
4,87000001,88000000,1,slow
4,88000001,89000000,1,fast
4,89000001,90000000,1,slow
4,90000001,91000000,1,fast
4,91000001,92000000,1,fast
4,92000001,93000000,1,slow
4,93000001,94000000,1,fast
4,94000001,95000000,1,slow
4,95000001,96000000,1,fast
4,96000001,97000000,1,fast
4,97000001,98000000,1,slow
4,98000001,99000000,1,slow
4,99000001,100000000,1,slow
4,100000001,101000000,1,fast
4,101000001,102000000,1,slow
4,102000001,103000000,1,slow
4,103000001,104000000,1,fast
4,104000001,105000000,1,slow
4,105000001,106000000,1,slow
4,106000001,107000000,1,fast
4,107000001,108000000,1,fast
4,108000001,109000000,1,slow
4,109000001,110000000,1,slow
4,110000001,111000000,1,fast
4,111000001,112000000,1,fast
4,112000001,113000000,1,slow
4,113000001,114000000,1,slow
4,114000001,115000000,1,fast
4,115000001,116000000,1,fast
4,116000001,117000000,1,fast
4,117000001,118000000,1,slow
4,118000001,119000000,1,slow
4,119000001,120000000,1,slow
4,120000001,121000000,1,slow
4,121000001,122000000,1,fast
4,122000001,123000000,1,slow
4,123000001,124000000,1,slow
4,124000001,125000000,1,slow
4,125000001,126000000,1,fast
4,126000001,127000000,1,fast
4,127000001,128000000,1,fast
4,128000001,129000000,1,fast
4,129000001,130000000,1,fast
4,130000001,131000000,1,slow
4,131000001,132000000,1,slow
4,132000001,133000000,1,fast
4,133000001,134000000,1,slow
4,134000001,135000000,1,fast
4,135000001,136000000,1,fast
4,136000001,137000000,1,fast
4,137000001,138000000,1,fast
4,138000001,139000000,1,fast
4,139000001,140000000,1,slow
4,140000001,141000000,1,fast
4,141000001,142000000,1,slow
4,142000001,143000000,1,slow
4,143000001,144000000,1,fast
4,144000001,145000000,1,fast
4,145000001,146000000,1,slow
4,146000001,147000000,1,slow
4,147000001,148000000,1,slow
4,148000001,149000000,1,fast
4,149000001,150000000,1,fast
4,150000001,151000000,1,fast
4,151000001,152000000,1,fast
4,152000001,153000000,1,slow
4,153000001,154000000,1,fast
4,154000001,155000000,1,slow
4,155000001,156000000,1,fast
4,156000001,157000000,1,slow
4,157000001,158000000,1,slow
4,158000001,159000000,1,fast
4,159000001,160000000,1,slow
4,160000001,161000000,1,fast
4,161000001,162000000,1,fast
4,162000001,163000000,1,slow
4,163000001,164000000,1,fast
4,164000001,165000000,1,fast
4,165000001,166000000,1,fast
4,166000001,167000000,1,slow
4,167000001,168000000,1,fast
4,168000001,169000000,1,slow
4,169000001,170000000,1,fast
4,170000001,171000000,1,fast
4,171000001,172000000,1,slow
4,172000001,173000000,1,fast
4,173000001,174000000,1,fast
4,174000001,175000000,1,fast
4,175000001,176000000,1,fast
4,176000001,177000000,1,fast
4,177000001,178000000,1,slow
4,178000001,179000000,1,fast
4,179000001,180000000,1,fast
4,180000001,181000000,1,slow
4,181000001,182000000,1,fast
4,182000001,183000000,1,fast
4,183000001,184000000,1,slow
4,184000001,185000000,1,slow
4,185000001,186000000,1,slow
4,186000001,187000000,1,slow
4,187000001,188000000,1,slow
4,188000001,189000000,1,fast
4,189000001,190000000,1,fast
4,190000001,190214555,1,slow
5,1,1000000,1,slow
5,1000001,2000000,1,fast
5,2000001,3000000,1,slow
5,3000001,4000000,1,fast
5,4000001,5000000,1,fast
5,5000001,6000000,1,fast
5,6000001,7000000,1,fast
5,7000001,8000000,1,fast
5,8000001,9000000,1,fast
5,9000001,10000000,1,fast
5,10000001,11000000,1,fast
5,11000001,12000000,1,slow
5,12000001,13000000,1,slow
5,13000001,14000000,1,fast
5,14000001,15000000,1,slow
5,15000001,16000000,1,fast
5,16000001,17000000,1,slow
5,17000001,18000000,1,fast
5,18000001,19000000,1,slow
5,19000001,20000000,1,slow
5,20000001,21000000,1,fast
5,21000001,22000000,1,fast
5,22000001,23000000,1,slow
5,23000001,24000000,1,slow
5,24000001,25000000,1,fast
5,25000001,26000000,1,fast
5,26000001,27000000,1,fast
5,27000001,28000000,1,slow
5,28000001,29000000,1,fast
5,29000001,30000000,1,fast
5,30000001,31000000,1,slow
5,31000001,32000000,1,slow
5,32000001,33000000,1,slow
5,33000001,34000000,1,slow
5,34000001,35000000,1,slow
5,35000001,36000000,1,slow
5,36000001,37000000,1,fast
5,37000001,38000000,1,fast
5,38000001,39000000,1,slow
5,39000001,40000000,1,fast
5,40000001,41000000,1,slow
5,41000001,42000000,1,fast
5,42000001,43000000,1,fast
5,43000001,44000000,1,slow
5,44000001,45000000,1,slow
5,45000001,46000000,1,fast
5,46000001,47000000,1,fast
5,47000001,48000000,1,slow
5,48000001,49000000,1,slow
5,49000001,50000000,1,slow
5,50000001,51000000,1,slow
5,51000001,52000000,1,slow
5,52000001,53000000,1,slow
5,53000001,54000000,1,slow
5,54000001,55000000,1,fast
5,55000001,56000000,1,fast
5,56000001,57000000,1,fast
5,57000001,58000000,1,slow
5,58000001,59000000,1,slow
5,59000001,60000000,1,fast
5,60000001,61000000,1,fast
5,61000001,62000000,1,fast
5,62000001,63000000,1,fast
5,63000001,64000000,1,fast
5,64000001,65000000,1,fast
5,65000001,66000000,1,fast
5,66000001,67000000,1,slow
5,67000001,68000000,1,fast
5,68000001,69000000,1,slow
5,69000001,70000000,1,slow
5,70000001,71000000,1,fast
5,71000001,72000000,1,slow
5,72000001,73000000,1,fast
5,73000001,74000000,1,fast
5,74000001,75000000,1,slow
5,75000001,76000000,1,slow
5,76000001,77000000,1,fast
5,77000001,78000000,1,slow
5,78000001,79000000,1,slow
5,79000001,80000000,1,fast
5,80000001,81000000,1,fast
5,81000001,82000000,1,slow
5,82000001,83000000,1,fast
5,83000001,84000000,1,fast
5,84000001,85000000,1,slow
5,85000001,86000000,1,slow
5,86000001,87000000,1,slow
5,87000001,88000000,1,slow
5,88000001,89000000,1,slow
5,89000001,90000000,1,fast
5,90000001,91000000,1,slow
5,91000001,92000000,1,slow
5,92000001,93000000,1,slow
5,93000001,94000000,1,slow
5,94000001,95000000,1,fast
5,95000001,96000000,1,fast
5,96000001,97000000,1,fast
5,97000001,98000000,1,fast
5,98000001,99000000,1,fast
5,99000001,100000000,1,fast
5,100000001,101000000,1,fast
5,101000001,102000000,1,fast
5,102000001,103000000,1,slow
5,103000001,104000000,1,fast
5,104000001,105000000,1,fast
5,105000001,106000000,1,fast
5,106000001,107000000,1,fast
5,107000001,108000000,1,fast
5,108000001,109000000,1,fast
5,109000001,110000000,1,slow
5,110000001,111000000,1,fast
5,111000001,112000000,1,fast
5,112000001,113000000,1,slow
5,113000001,114000000,1,slow
5,114000001,115000000,1,fast
5,115000001,116000000,1,fast
5,116000001,117000000,1,fast
5,117000001,118000000,1,slow
5,118000001,119000000,1,fast
5,119000001,120000000,1,slow
5,120000001,121000000,1,fast
5,121000001,122000000,1,fast
5,122000001,123000000,1,fast
5,123000001,124000000,1,fast
5,124000001,125000000,1,slow
5,125000001,126000000,1,fast
5,126000001,127000000,1,slow
5,127000001,128000000,1,slow
5,128000001,129000000,1,fast
5,129000001,130000000,1,fast
5,130000001,131000000,1,slow
5,131000001,132000000,1,fast
5,132000001,133000000,1,slow
5,133000001,134000000,1,slow
5,134000001,135000000,1,slow
5,135000001,136000000,1,slow
5,136000001,137000000,1,slow
5,137000001,138000000,1,fast
5,138000001,139000000,1,fast
5,139000001,140000000,1,fast
5,140000001,141000000,1,fast
5,141000001,142000000,1,fast
5,142000001,143000000,1,fast
5,143000001,144000000,1,fast
5,144000001,145000000,1,fast
5,145000001,146000000,1,slow
5,146000001,147000000,1,fast
5,147000001,148000000,1,fast
5,148000001,149000000,1,fast
5,149000001,150000000,1,slow
5,150000001,151000000,1,slow
5,151000001,152000000,1,slow
5,152000001,153000000,1,slow
5,153000001,154000000,1,slow
5,154000001,155000000,1,fast
5,155000001,156000000,1,fast
5,156000001,157000000,1,fast
5,157000001,158000000,1,slow
5,158000001,159000000,1,fast
5,159000001,160000000,1,slow
5,160000001,161000000,1,fast
5,161000001,162000000,1,slow
5,162000001,163000000,1,fast
5,163000001,164000000,1,fast
5,164000001,165000000,1,slow
5,165000001,166000000,1,fast
5,166000001,167000000,1,fast
5,167000001,168000000,1,slow
5,168000001,169000000,1,slow
5,169000001,170000000,1,slow
5,170000001,171000000,1,slow
5,171000001,172000000,1,slow
5,172000001,173000000,1,fast
5,173000001,174000000,1,slow
5,174000001,175000000,1,slow
5,175000001,176000000,1,slow
5,176000001,177000000,1,slow
5,177000001,178000000,1,fast
5,178000001,179000000,1,fast
5,179000001,180000000,1,fast
5,180000001,181000000,1,slow
5,181000001,181538259,1,fast
6,1,1000000,1,fast
6,1000001,2000000,1,slow
6,2000001,3000000,1,fast
6,3000001,4000000,1,slow
6,4000001,5000000,1,slow
6,5000001,6000000,1,fast
6,6000001,7000000,1,fast
6,7000001,8000000,1,fast
6,8000001,9000000,1,fast
6,9000001,10000000,1,slow
6,10000001,11000000,1,slow
6,11000001,12000000,1,fast
6,12000001,13000000,1,slow
6,13000001,14000000,1,slow
6,14000001,15000000,1,slow
6,15000001,16000000,1,slow
6,16000001,17000000,1,slow
6,17000001,18000000,1,fast
6,18000001,19000000,1,slow
6,19000001,20000000,1,slow
6,20000001,21000000,1,fast
6,21000001,22000000,1,slow
6,22000001,23000000,1,slow
6,23000001,24000000,1,fast
6,24000001,25000000,1,slow
6,25000001,26000000,1,slow
6,26000001,27000000,1,fast
6,27000001,28000000,1,slow
6,28000001,29000000,1,fast
6,29000001,30000000,1,slow
6,30000001,31000000,1,slow
6,31000001,32000000,1,slow
6,32000001,33000000,1,fast
6,33000001,34000000,1,fast
6,34000001,35000000,1,fast
6,35000001,36000000,1,slow
6,36000001,37000000,1,slow
6,37000001,38000000,1,slow
6,38000001,39000000,1,slow
6,39000001,40000000,1,slow
6,40000001,41000000,1,slow
6,41000001,42000000,1,fast
6,42000001,43000000,1,fast
6,43000001,44000000,1,fast
6,44000001,45000000,1,slow
6,45000001,46000000,1,fast
6,46000001,47000000,1,fast
6,47000001,48000000,1,fast
6,48000001,49000000,1,fast
6,49000001,50000000,1,fast
6,50000001,51000000,1,fast
6,51000001,52000000,1,fast
6,52000001,53000000,1,fast
6,53000001,54000000,1,fast
6,54000001,55000000,1,fast
6,55000001,56000000,1,slow
6,56000001,57000000,1,fast
6,57000001,58000000,1,slow
6,58000001,59000000,1,slow
6,59000001,60000000,1,slow
6,60000001,61000000,1,fast
6,61000001,62000000,1,fast
6,62000001,63000000,1,slow
6,63000001,64000000,1,slow
6,64000001,65000000,1,fast
6,65000001,66000000,1,fast
6,66000001,67000000,1,fast
6,67000001,68000000,1,slow
6,68000001,69000000,1,fast
6,69000001,70000000,1,fast
6,70000001,71000000,1,slow
6,71000001,72000000,1,fast
6,72000001,73000000,1,fast
6,73000001,74000000,1,fast
6,74000001,75000000,1,fast
6,75000001,76000000,1,slow
6,76000001,77000000,1,slow
6,77000001,78000000,1,fast
6,78000001,79000000,1,fast
6,79000001,80000000,1,fast
6,80000001,81000000,1,fast
6,81000001,82000000,1,fast
6,82000001,83000000,1,fast
6,83000001,84000000,1,slow
6,84000001,85000000,1,slow
6,85000001,86000000,1,fast
6,86000001,87000000,1,slow
6,87000001,88000000,1,fast
6,88000001,89000000,1,fast
6,89000001,90000000,1,slow
6,90000001,91000000,1,slow
6,91000001,92000000,1,fast
6,92000001,93000000,1,fast
6,93000001,94000000,1,slow
6,94000001,95000000,1,fast
6,95000001,96000000,1,slow
6,96000001,97000000,1,fast
6,97000001,98000000,1,slow
6,98000001,99000000,1,slow
6,99000001,100000000,1,slow
6,100000001,101000000,1,fast
6,101000001,102000000,1,fast
6,102000001,103000000,1,slow
6,103000001,104000000,1,slow
6,104000001,105000000,1,slow
6,105000001,106000000,1,fast
6,106000001,107000000,1,slow
6,107000001,108000000,1,fast
6,108000001,109000000,1,fast
6,109000001,110000000,1,slow
6,110000001,111000000,1,fast
6,111000001,112000000,1,fast
6,112000001,113000000,1,fast
6,113000001,114000000,1,fast
6,114000001,115000000,1,fast
6,115000001,116000000,1,fast
6,116000001,117000000,1,slow
6,117000001,118000000,1,fast
6,118000001,119000000,1,fast
6,119000001,120000000,1,slow
6,120000001,121000000,1,fast
6,121000001,122000000,1,slow
6,122000001,123000000,1,slow
6,123000001,124000000,1,fast
6,124000001,125000000,1,fast
6,125000001,126000000,1,slow
6,126000001,127000000,1,slow
6,127000001,128000000,1,fast
6,128000001,129000000,1,slow
6,129000001,130000000,1,slow
6,130000001,131000000,1,fast
6,131000001,132000000,1,fast
6,132000001,133000000,1,slow
6,133000001,134000000,1,fast
6,134000001,135000000,1,fast
6,135000001,136000000,1,slow
6,136000001,137000000,1,slow
6,137000001,138000000,1,fast
6,138000001,139000000,1,slow
6,139000001,140000000,1,slow
6,140000001,141000000,1,slow
6,141000001,142000000,1,slow
6,142000001,143000000,1,slow
6,143000001,144000000,1,fast
6,144000001,145000000,1,slow
6,145000001,146000000,1,slow
6,146000001,147000000,1,fast
6,147000001,148000000,1,fast
6,148000001,149000000,1,slow
6,149000001,150000000,1,slow
6,150000001,151000000,1,fast
6,151000001,152000000,1,fast
6,152000001,153000000,1,fast
6,153000001,154000000,1,slow
6,154000001,155000000,1,slow
6,155000001,156000000,1,slow
6,156000001,157000000,1,slow
6,157000001,158000000,1,slow
6,158000001,159000000,1,fast
6,159000001,160000000,1,slow
6,160000001,161000000,1,fast
6,161000001,162000000,1,slow
6,162000001,163000000,1,fast
6,163000001,164000000,1,fast
6,164000001,165000000,1,slow
6,165000001,166000000,1,slow
6,166000001,167000000,1,slow
6,167000001,168000000,1,fast
6,168000001,169000000,1,slow
6,169000001,170000000,1,slow
6,170000001,170805979,1,fast
7,1,1000000,1,fast
7,1000001,2000000,1,slow
7,2000001,3000000,1,slow
7,3000001,4000000,1,slow
7,4000001,5000000,1,slow
7,5000001,6000000,1,fast
7,6000001,7000000,1,slow
7,7000001,8000000,1,fast
7,8000001,9000000,1,fast
7,9000001,10000000,1,fast
7,10000001,11000000,1,slow
7,11000001,12000000,1,fast
7,12000001,13000000,1,fast
7,13000001,14000000,1,slow
7,14000001,15000000,1,fast
7,15000001,16000000,1,fast
7,16000001,17000000,1,fast
7,17000001,18000000,1,fast
7,18000001,19000000,1,fast
7,19000001,20000000,1,slow
7,20000001,21000000,1,slow
7,21000001,22000000,1,fast
7,22000001,23000000,1,slow
7,23000001,24000000,1,slow
7,24000001,25000000,1,fast
7,25000001,26000000,1,slow
7,26000001,27000000,1,slow
7,27000001,28000000,1,fast
7,28000001,29000000,1,fast
7,29000001,30000000,1,fast
7,30000001,31000000,1,fast
7,31000001,32000000,1,slow
7,32000001,33000000,1,slow
7,33000001,34000000,1,slow
7,34000001,35000000,1,fast
7,35000001,36000000,1,slow
7,36000001,37000000,1,fast
7,37000001,38000000,1,fast
7,38000001,39000000,1,slow
7,39000001,40000000,1,fast
7,40000001,41000000,1,fast
7,41000001,42000000,1,slow
7,42000001,43000000,1,fast
7,43000001,44000000,1,fast
7,44000001,45000000,1,fast
7,45000001,46000000,1,slow
7,46000001,47000000,1,slow
7,47000001,48000000,1,slow
7,48000001,49000000,1,fast
7,49000001,50000000,1,slow
7,50000001,51000000,1,fast
7,51000001,52000000,1,slow
7,52000001,53000000,1,fast
7,53000001,54000000,1,fast
7,54000001,55000000,1,slow
7,55000001,56000000,1,slow
7,56000001,57000000,1,slow
7,57000001,58000000,1,slow
7,58000001,59000000,1,fast
7,59000001,60000000,1,slow
7,60000001,61000000,1,fast
7,61000001,62000000,1,slow
7,62000001,63000000,1,slow
7,63000001,64000000,1,slow
7,64000001,65000000,1,slow
7,65000001,66000000,1,fast
7,66000001,67000000,1,slow
7,67000001,68000000,1,slow
7,68000001,69000000,1,slow
7,69000001,70000000,1,fast
7,70000001,71000000,1,fast
7,71000001,72000000,1,fast
7,72000001,73000000,1,fast
7,73000001,74000000,1,slow
7,74000001,75000000,1,slow
7,75000001,76000000,1,slow
7,76000001,77000000,1,slow
7,77000001,78000000,1,fast
7,78000001,79000000,1,fast
7,79000001,80000000,1,slow
7,80000001,81000000,1,fast
7,81000001,82000000,1,fast
7,82000001,83000000,1,slow
7,83000001,84000000,1,slow
7,84000001,85000000,1,fast
7,85000001,86000000,1,fast
7,86000001,87000000,1,slow
7,87000001,88000000,1,slow
7,88000001,89000000,1,fast
7,89000001,90000000,1,fast
7,90000001,91000000,1,fast
7,91000001,92000000,1,fast
7,92000001,93000000,1,slow
7,93000001,94000000,1,slow
7,94000001,95000000,1,slow
7,95000001,96000000,1,fast
7,96000001,97000000,1,fast
7,97000001,98000000,1,fast
7,98000001,99000000,1,fast
7,99000001,100000000,1,slow
7,100000001,101000000,1,fast
7,101000001,102000000,1,fast
7,102000001,103000000,1,slow
7,103000001,104000000,1,fast
7,104000001,105000000,1,slow
7,105000001,106000000,1,slow
7,106000001,107000000,1,fast
7,107000001,108000000,1,fast
7,108000001,109000000,1,slow
7,109000001,110000000,1,slow
7,110000001,111000000,1,slow
7,111000001,112000000,1,slow
7,112000001,113000000,1,fast
7,113000001,114000000,1,fast
7,114000001,115000000,1,slow
7,115000001,116000000,1,slow
7,116000001,117000000,1,fast
7,117000001,118000000,1,slow
7,118000001,119000000,1,fast
7,119000001,120000000,1,slow
7,120000001,121000000,1,fast
7,121000001,122000000,1,slow
7,122000001,123000000,1,fast
7,123000001,124000000,1,fast
7,124000001,125000000,1,fast
7,125000001,126000000,1,fast
7,126000001,127000000,1,slow
7,127000001,128000000,1,fast
7,128000001,129000000,1,fast
7,129000001,130000000,1,fast
7,130000001,131000000,1,slow
7,131000001,132000000,1,fast
7,132000001,133000000,1,slow
7,133000001,134000000,1,slow
7,134000001,135000000,1,fast
7,135000001,136000000,1,fast
7,136000001,137000000,1,slow
7,137000001,138000000,1,slow
7,138000001,139000000,1,slow
7,139000001,140000000,1,slow
7,140000001,141000000,1,fast
7,141000001,142000000,1,slow
7,142000001,143000000,1,slow
7,143000001,144000000,1,fast
7,144000001,145000000,1,slow
7,145000001,146000000,1,fast
7,146000001,147000000,1,fast
7,147000001,148000000,1,slow
7,148000001,149000000,1,slow
7,149000001,150000000,1,slow
7,150000001,151000000,1,slow
7,151000001,152000000,1,slow
7,152000001,153000000,1,fast
7,153000001,154000000,1,slow
7,154000001,155000000,1,fast
7,155000001,156000000,1,fast
7,156000001,157000000,1,slow
7,157000001,158000000,1,fast
7,158000001,159000000,1,slow
7,159000001,159345973,1,fast
8,1,1000000,1,slow
8,1000001,2000000,1,slow
8,2000001,3000000,1,slow
8,3000001,4000000,1,slow
8,4000001,5000000,1,fast
8,5000001,6000000,1,slow
8,6000001,7000000,1,fast
8,7000001,8000000,1,slow
8,8000001,9000000,1,fast
8,9000001,10000000,1,fast
8,10000001,11000000,1,slow
8,11000001,12000000,1,fast
8,12000001,13000000,1,fast
8,13000001,14000000,1,slow
8,14000001,15000000,1,fast
8,15000001,16000000,1,fast
8,16000001,17000000,1,slow
8,17000001,18000000,1,slow
8,18000001,19000000,1,slow
8,19000001,20000000,1,fast
8,20000001,21000000,1,slow
8,21000001,22000000,1,fast
8,22000001,23000000,1,slow
8,23000001,24000000,1,slow
8,24000001,25000000,1,fast
8,25000001,26000000,1,fast
8,26000001,27000000,1,slow
8,27000001,28000000,1,fast
8,28000001,29000000,1,fast
8,29000001,30000000,1,slow
8,30000001,31000000,1,slow
8,31000001,32000000,1,fast
8,32000001,33000000,1,slow
8,33000001,34000000,1,slow
8,34000001,35000000,1,fast
8,35000001,36000000,1,fast
8,36000001,37000000,1,slow
8,37000001,38000000,1,fast
8,38000001,39000000,1,fast
8,39000001,40000000,1,fast
8,40000001,41000000,1,fast
8,41000001,42000000,1,fast
8,42000001,43000000,1,fast
8,43000001,44000000,1,fast
8,44000001,45000000,1,fast
8,45000001,46000000,1,fast
8,46000001,47000000,1,fast
8,47000001,48000000,1,fast
8,48000001,49000000,1,fast
8,49000001,50000000,1,slow
8,50000001,51000000,1,slow
8,51000001,52000000,1,slow
8,52000001,53000000,1,slow
8,53000001,54000000,1,slow
8,54000001,55000000,1,fast
8,55000001,56000000,1,slow
8,56000001,57000000,1,slow
8,57000001,58000000,1,fast
8,58000001,59000000,1,fast
8,59000001,60000000,1,slow
8,60000001,61000000,1,fast
8,61000001,62000000,1,fast
8,62000001,63000000,1,slow
8,63000001,64000000,1,fast
8,64000001,65000000,1,slow
8,65000001,66000000,1,slow
8,66000001,67000000,1,fast
8,67000001,68000000,1,slow
8,68000001,69000000,1,slow
8,69000001,70000000,1,fast
8,70000001,71000000,1,fast
8,71000001,72000000,1,fast
8,72000001,73000000,1,slow
8,73000001,74000000,1,slow
8,74000001,75000000,1,slow
8,75000001,76000000,1,slow
8,76000001,77000000,1,slow
8,77000001,78000000,1,slow
8,78000001,79000000,1,slow
8,79000001,80000000,1,fast
8,80000001,81000000,1,slow
8,81000001,82000000,1,slow
8,82000001,83000000,1,fast
8,83000001,84000000,1,slow
8,84000001,85000000,1,slow
8,85000001,86000000,1,fast
8,86000001,87000000,1,slow
8,87000001,88000000,1,fast
8,88000001,89000000,1,slow
8,89000001,90000000,1,fast
8,90000001,91000000,1,slow
8,91000001,92000000,1,slow
8,92000001,93000000,1,slow
8,93000001,94000000,1,slow
8,94000001,95000000,1,fast
8,95000001,96000000,1,slow
8,96000001,97000000,1,slow
8,97000001,98000000,1,slow
8,98000001,99000000,1,fast
8,99000001,100000000,1,slow
8,100000001,101000000,1,slow
8,101000001,102000000,1,slow
8,102000001,103000000,1,slow
8,103000001,104000000,1,fast
8,104000001,105000000,1,slow
8,105000001,106000000,1,fast
8,106000001,107000000,1,fast
8,107000001,108000000,1,fast
8,108000001,109000000,1,slow
8,109000001,110000000,1,fast
8,110000001,111000000,1,fast
8,111000001,112000000,1,fast
8,112000001,113000000,1,slow
8,113000001,114000000,1,slow
8,114000001,115000000,1,fast
8,115000001,116000000,1,slow
8,116000001,117000000,1,slow
8,117000001,118000000,1,fast
8,118000001,119000000,1,slow
8,119000001,120000000,1,fast
8,120000001,121000000,1,slow
8,121000001,122000000,1,slow
8,122000001,123000000,1,slow
8,123000001,124000000,1,slow
8,124000001,125000000,1,slow
8,125000001,126000000,1,fast
8,126000001,127000000,1,slow
8,127000001,128000000,1,fast
8,128000001,129000000,1,slow
8,129000001,130000000,1,fast
8,130000001,131000000,1,slow
8,131000001,132000000,1,slow
8,132000001,133000000,1,fast
8,133000001,134000000,1,fast
8,134000001,135000000,1,slow
8,135000001,136000000,1,fast
8,136000001,137000000,1,slow
8,137000001,138000000,1,slow
8,138000001,139000000,1,slow
8,139000001,140000000,1,slow
8,140000001,141000000,1,slow
8,141000001,142000000,1,fast
8,142000001,143000000,1,fast
8,143000001,144000000,1,slow
8,144000001,145000000,1,slow
8,145000001,145138636,1,slow
9,1,1000000,1,slow
9,1000001,2000000,1,slow
9,2000001,3000000,1,slow
9,3000001,4000000,1,slow
9,4000001,5000000,1,slow
9,5000001,6000000,1,fast
9,6000001,7000000,1,fast
9,7000001,8000000,1,slow
9,8000001,9000000,1,slow
9,9000001,10000000,1,fast
9,10000001,11000000,1,slow
9,11000001,12000000,1,slow
9,12000001,13000000,1,slow
9,13000001,14000000,1,fast
9,14000001,15000000,1,slow
9,15000001,16000000,1,slow
9,16000001,17000000,1,fast
9,17000001,18000000,1,slow
9,18000001,19000000,1,slow
9,19000001,20000000,1,fast
9,20000001,21000000,1,slow
9,21000001,22000000,1,fast
9,22000001,23000000,1,fast
9,23000001,24000000,1,slow
9,24000001,25000000,1,slow
9,25000001,26000000,1,fast
9,26000001,27000000,1,fast
9,27000001,28000000,1,slow
9,28000001,29000000,1,slow
9,29000001,30000000,1,fast
9,30000001,31000000,1,slow
9,31000001,32000000,1,fast
9,32000001,33000000,1,slow
9,33000001,34000000,1,fast
9,34000001,35000000,1,slow
9,35000001,36000000,1,slow
9,36000001,37000000,1,fast
9,37000001,38000000,1,fast
9,38000001,39000000,1,fast
9,39000001,40000000,1,fast
9,40000001,41000000,1,fast
9,41000001,42000000,1,fast
9,42000001,43000000,1,slow
9,43000001,44000000,1,fast
9,44000001,45000000,1,slow
9,45000001,46000000,1,fast
9,46000001,47000000,1,fast
9,47000001,48000000,1,slow
9,48000001,49000000,1,slow
9,49000001,50000000,1,slow
9,50000001,51000000,1,slow
9,51000001,52000000,1,slow
9,52000001,53000000,1,slow
9,53000001,54000000,1,fast
9,54000001,55000000,1,fast
9,55000001,56000000,1,slow
9,56000001,57000000,1,slow
9,57000001,58000000,1,slow
9,58000001,59000000,1,slow
9,59000001,60000000,1,fast
9,60000001,61000000,1,fast
9,61000001,62000000,1,fast
9,62000001,63000000,1,fast
9,63000001,64000000,1,fast
9,64000001,65000000,1,slow
9,65000001,66000000,1,slow
9,66000001,67000000,1,slow
9,67000001,68000000,1,fast
9,68000001,69000000,1,slow
9,69000001,70000000,1,fast
9,70000001,71000000,1,fast
9,71000001,72000000,1,fast
9,72000001,73000000,1,slow
9,73000001,74000000,1,fast
9,74000001,75000000,1,slow
9,75000001,76000000,1,fast
9,76000001,77000000,1,slow
9,77000001,78000000,1,slow
9,78000001,79000000,1,slow
9,79000001,80000000,1,slow
9,80000001,81000000,1,fast
9,81000001,82000000,1,slow
9,82000001,83000000,1,slow
9,83000001,84000000,1,slow
9,84000001,85000000,1,fast
9,85000001,86000000,1,slow
9,86000001,87000000,1,fast
9,87000001,88000000,1,fast
9,88000001,89000000,1,slow
9,89000001,90000000,1,slow
9,90000001,91000000,1,fast
9,91000001,92000000,1,fast
9,92000001,93000000,1,slow
9,93000001,94000000,1,slow
9,94000001,95000000,1,slow
9,95000001,96000000,1,slow
9,96000001,97000000,1,fast
9,97000001,98000000,1,fast
9,98000001,99000000,1,slow
9,99000001,100000000,1,slow
9,100000001,101000000,1,fast
9,101000001,102000000,1,fast
9,102000001,103000000,1,fast
9,103000001,104000000,1,fast
9,104000001,105000000,1,slow
9,105000001,106000000,1,slow
9,106000001,107000000,1,slow
9,107000001,108000000,1,slow
9,108000001,109000000,1,slow
9,109000001,110000000,1,slow
9,110000001,111000000,1,fast
9,111000001,112000000,1,slow
9,112000001,113000000,1,fast
9,113000001,114000000,1,slow
9,114000001,115000000,1,fast
9,115000001,116000000,1,fast
9,116000001,117000000,1,slow
9,117000001,118000000,1,slow
9,118000001,119000000,1,fast
9,119000001,120000000,1,slow
9,120000001,121000000,1,fast
9,121000001,122000000,1,fast
9,122000001,123000000,1,fast
9,123000001,124000000,1,fast
9,124000001,125000000,1,fast
9,125000001,126000000,1,slow
9,126000001,127000000,1,slow
9,127000001,128000000,1,fast
9,128000001,129000000,1,fast
9,129000001,130000000,1,fast
9,130000001,131000000,1,fast
9,131000001,132000000,1,slow
9,132000001,133000000,1,fast
9,133000001,134000000,1,fast
9,134000001,135000000,1,slow
9,135000001,136000000,1,fast
9,136000001,137000000,1,slow
9,137000001,138000000,1,slow
9,138000001,138394717,1,slow
10,1,1000000,1,fast
10,1000001,2000000,1,fast
10,2000001,3000000,1,fast
10,3000001,4000000,1,slow
10,4000001,5000000,1,slow
10,5000001,6000000,1,fast
10,6000001,7000000,1,fast
10,7000001,8000000,1,slow
10,8000001,9000000,1,fast
10,9000001,10000000,1,fast
10,10000001,11000000,1,fast
10,11000001,12000000,1,slow
10,12000001,13000000,1,fast
10,13000001,14000000,1,slow
10,14000001,15000000,1,fast
10,15000001,16000000,1,fast
10,16000001,17000000,1,fast
10,17000001,18000000,1,slow
10,18000001,19000000,1,fast
10,19000001,20000000,1,fast
10,20000001,21000000,1,slow
10,21000001,22000000,1,fast
10,22000001,23000000,1,slow
10,23000001,24000000,1,fast
10,24000001,25000000,1,fast
10,25000001,26000000,1,fast
10,26000001,27000000,1,slow
10,27000001,28000000,1,slow
10,28000001,29000000,1,fast
10,29000001,30000000,1,slow
10,30000001,31000000,1,fast
10,31000001,32000000,1,slow
10,32000001,33000000,1,slow
10,33000001,34000000,1,slow
10,34000001,35000000,1,fast
10,35000001,36000000,1,slow
10,36000001,37000000,1,fast
10,37000001,38000000,1,fast
10,38000001,39000000,1,slow
10,39000001,40000000,1,slow
10,40000001,41000000,1,slow
10,41000001,42000000,1,slow
10,42000001,43000000,1,slow
10,43000001,44000000,1,slow
10,44000001,45000000,1,slow
10,45000001,46000000,1,fast
10,46000001,47000000,1,fast
10,47000001,48000000,1,slow
10,48000001,49000000,1,slow
10,49000001,50000000,1,fast
10,50000001,51000000,1,slow
10,51000001,52000000,1,fast
10,52000001,53000000,1,fast
10,53000001,54000000,1,fast
10,54000001,55000000,1,fast
10,55000001,56000000,1,fast
10,56000001,57000000,1,slow
10,57000001,58000000,1,fast
10,58000001,59000000,1,slow
10,59000001,60000000,1,fast
10,60000001,61000000,1,fast
10,61000001,62000000,1,slow
10,62000001,63000000,1,slow
10,63000001,64000000,1,slow
10,64000001,65000000,1,fast
10,65000001,66000000,1,fast
10,66000001,67000000,1,fast
10,67000001,68000000,1,fast
10,68000001,69000000,1,fast
10,69000001,70000000,1,slow
10,70000001,71000000,1,fast
10,71000001,72000000,1,fast
10,72000001,73000000,1,slow
10,73000001,74000000,1,slow
10,74000001,75000000,1,fast
10,75000001,76000000,1,slow
10,76000001,77000000,1,fast
10,77000001,78000000,1,slow
10,78000001,79000000,1,slow
10,79000001,80000000,1,slow
10,80000001,81000000,1,fast
10,81000001,82000000,1,fast
10,82000001,83000000,1,slow
10,83000001,84000000,1,fast
10,84000001,85000000,1,fast
10,85000001,86000000,1,slow
10,86000001,87000000,1,slow
10,87000001,88000000,1,slow
10,88000001,89000000,1,fast
10,89000001,90000000,1,slow
10,90000001,91000000,1,fast
10,91000001,92000000,1,fast
10,92000001,93000000,1,fast
10,93000001,94000000,1,slow
10,94000001,95000000,1,fast
10,95000001,96000000,1,slow
10,96000001,97000000,1,slow
10,97000001,98000000,1,fast
10,98000001,99000000,1,slow
10,99000001,100000000,1,fast
10,100000001,101000000,1,slow
10,101000001,102000000,1,fast
10,102000001,103000000,1,slow
10,103000001,104000000,1,fast
10,104000001,105000000,1,slow
10,105000001,106000000,1,slow
10,106000001,107000000,1,slow
10,107000001,108000000,1,slow
10,108000001,109000000,1,slow
10,109000001,110000000,1,slow
10,110000001,111000000,1,fast
10,111000001,112000000,1,slow
10,112000001,113000000,1,fast
10,113000001,114000000,1,slow
10,114000001,115000000,1,fast
10,115000001,116000000,1,fast
10,116000001,117000000,1,slow
10,117000001,118000000,1,fast
10,118000001,119000000,1,fast
10,119000001,120000000,1,slow
10,120000001,121000000,1,fast
10,121000001,122000000,1,fast
10,122000001,123000000,1,fast
10,123000001,124000000,1,slow
10,124000001,125000000,1,slow
10,125000001,126000000,1,slow
10,126000001,127000000,1,slow
10,127000001,128000000,1,slow
10,128000001,129000000,1,slow
10,129000001,130000000,1,slow
10,130000001,131000000,1,slow
10,131000001,132000000,1,slow
10,132000001,133000000,1,slow
10,133000001,133797422,1,fast
11,1,1000000,1,fast
11,1000001,2000000,1,fast
11,2000001,3000000,1,slow
11,3000001,4000000,1,fast
11,4000001,5000000,1,slow
11,5000001,6000000,1,fast
11,6000001,7000000,1,slow
11,7000001,8000000,1,slow
11,8000001,9000000,1,fast
11,9000001,10000000,1,slow
11,10000001,11000000,1,fast
11,11000001,12000000,1,slow
11,12000001,13000000,1,slow
11,13000001,14000000,1,slow
11,14000001,15000000,1,slow
11,15000001,16000000,1,fast
11,16000001,17000000,1,fast
11,17000001,18000000,1,slow
11,18000001,19000000,1,slow
11,19000001,20000000,1,fast
11,20000001,21000000,1,fast
11,21000001,22000000,1,slow
11,22000001,23000000,1,slow
11,23000001,24000000,1,slow
11,24000001,25000000,1,fast
11,25000001,26000000,1,fast
11,26000001,27000000,1,fast
11,27000001,28000000,1,fast
11,28000001,29000000,1,fast
11,29000001,30000000,1,fast
11,30000001,31000000,1,fast
11,31000001,32000000,1,slow
11,32000001,33000000,1,slow
11,33000001,34000000,1,slow
11,34000001,35000000,1,slow
11,35000001,36000000,1,slow
11,36000001,37000000,1,fast
11,37000001,38000000,1,fast
11,38000001,39000000,1,fast
11,39000001,40000000,1,slow
11,40000001,41000000,1,slow
11,41000001,42000000,1,slow
11,42000001,43000000,1,fast
11,43000001,44000000,1,slow
11,44000001,45000000,1,slow
11,45000001,46000000,1,fast
11,46000001,47000000,1,fast
11,47000001,48000000,1,fast
11,48000001,49000000,1,fast
11,49000001,50000000,1,fast
11,50000001,51000000,1,fast
11,51000001,52000000,1,fast
11,52000001,53000000,1,fast
11,53000001,54000000,1,slow
11,54000001,55000000,1,slow
11,55000001,56000000,1,fast
11,56000001,57000000,1,slow
11,57000001,58000000,1,slow
11,58000001,59000000,1,slow
11,59000001,60000000,1,fast
11,60000001,61000000,1,slow
11,61000001,62000000,1,fast
11,62000001,63000000,1,slow
11,63000001,64000000,1,fast
11,64000001,65000000,1,fast
11,65000001,66000000,1,fast
11,66000001,67000000,1,fast
11,67000001,68000000,1,fast
11,68000001,69000000,1,fast
11,69000001,70000000,1,fast
11,70000001,71000000,1,fast
11,71000001,72000000,1,fast
11,72000001,73000000,1,fast
11,73000001,74000000,1,slow
11,74000001,75000000,1,slow
11,75000001,76000000,1,fast
11,76000001,77000000,1,fast
11,77000001,78000000,1,fast
11,78000001,79000000,1,fast
11,79000001,80000000,1,fast
11,80000001,81000000,1,fast
11,81000001,82000000,1,fast
11,82000001,83000000,1,fast
11,83000001,84000000,1,fast
11,84000001,85000000,1,fast
11,85000001,86000000,1,slow
11,86000001,87000000,1,fast
11,87000001,88000000,1,slow
11,88000001,89000000,1,fast
11,89000001,90000000,1,slow
11,90000001,91000000,1,slow
11,91000001,92000000,1,fast
11,92000001,93000000,1,slow
11,93000001,94000000,1,fast
11,94000001,95000000,1,slow
11,95000001,96000000,1,fast
11,96000001,97000000,1,slow
11,97000001,98000000,1,slow
11,98000001,99000000,1,slow
11,99000001,100000000,1,fast
11,100000001,101000000,1,slow
11,101000001,102000000,1,fast
11,102000001,103000000,1,fast
11,103000001,104000000,1,fast
11,104000001,105000000,1,slow
11,105000001,106000000,1,slow
11,106000001,107000000,1,slow
11,107000001,108000000,1,fast
11,108000001,109000000,1,slow
11,109000001,110000000,1,slow
11,110000001,111000000,1,fast
11,111000001,112000000,1,fast
11,112000001,113000000,1,fast
11,113000001,114000000,1,fast
11,114000001,115000000,1,fast
11,115000001,116000000,1,slow
11,116000001,117000000,1,slow
11,117000001,118000000,1,slow
11,118000001,119000000,1,slow
11,119000001,120000000,1,fast
11,120000001,121000000,1,fast
11,121000001,122000000,1,slow
11,122000001,123000000,1,slow
11,123000001,124000000,1,slow
11,124000001,125000000,1,fast
11,125000001,126000000,1,fast
11,126000001,127000000,1,slow
11,127000001,128000000,1,fast
11,128000001,129000000,1,slow
11,129000001,130000000,1,slow
11,130000001,131000000,1,slow
11,131000001,132000000,1,fast
11,132000001,133000000,1,slow
11,133000001,134000000,1,slow
11,134000001,135000000,1,fast
11,135000001,135086622,1,fast
12,1,1000000,1,fast
12,1000001,2000000,1,fast
12,2000001,3000000,1,fast
12,3000001,4000000,1,slow
12,4000001,5000000,1,slow
12,5000001,6000000,1,slow
12,6000001,7000000,1,fast
12,7000001,8000000,1,fast
12,8000001,9000000,1,slow
12,9000001,10000000,1,fast
12,10000001,11000000,1,fast
12,11000001,12000000,1,fast
12,12000001,13000000,1,fast
12,13000001,14000000,1,fast
12,14000001,15000000,1,fast
12,15000001,16000000,1,fast
12,16000001,17000000,1,fast
12,17000001,18000000,1,slow
12,18000001,19000000,1,slow
12,19000001,20000000,1,fast
12,20000001,21000000,1,fast
12,21000001,22000000,1,slow
12,22000001,23000000,1,fast
12,23000001,24000000,1,slow
12,24000001,25000000,1,fast
12,25000001,26000000,1,fast
12,26000001,27000000,1,slow
12,27000001,28000000,1,fast
12,28000001,29000000,1,fast
12,29000001,30000000,1,slow
12,30000001,31000000,1,slow
12,31000001,32000000,1,slow
12,32000001,33000000,1,fast
12,33000001,34000000,1,fast
12,34000001,35000000,1,slow
12,35000001,36000000,1,slow
12,36000001,37000000,1,slow
12,37000001,38000000,1,fast
12,38000001,39000000,1,slow
12,39000001,40000000,1,slow
12,40000001,41000000,1,slow
12,41000001,42000000,1,slow
12,42000001,43000000,1,slow
12,43000001,44000000,1,fast
12,44000001,45000000,1,fast
12,45000001,46000000,1,slow
12,46000001,47000000,1,fast
12,47000001,48000000,1,fast
12,48000001,49000000,1,slow
12,49000001,50000000,1,fast
12,50000001,51000000,1,slow
12,51000001,52000000,1,fast
12,52000001,53000000,1,slow
12,53000001,54000000,1,slow
12,54000001,55000000,1,slow
12,55000001,56000000,1,slow
12,56000001,57000000,1,slow
12,57000001,58000000,1,slow
12,58000001,59000000,1,slow
12,59000001,60000000,1,slow
12,60000001,61000000,1,fast
12,61000001,62000000,1,fast
12,62000001,63000000,1,fast
12,63000001,64000000,1,slow
12,64000001,65000000,1,fast
12,65000001,66000000,1,fast
12,66000001,67000000,1,slow
12,67000001,68000000,1,slow
12,68000001,69000000,1,fast
12,69000001,70000000,1,slow
12,70000001,71000000,1,slow
12,71000001,72000000,1,fast
12,72000001,73000000,1,slow
12,73000001,74000000,1,slow
12,74000001,75000000,1,slow
12,75000001,76000000,1,fast
12,76000001,77000000,1,fast
12,77000001,78000000,1,slow
12,78000001,79000000,1,fast
12,79000001,80000000,1,fast
12,80000001,81000000,1,fast
12,81000001,82000000,1,fast
12,82000001,83000000,1,slow
12,83000001,84000000,1,fast
12,84000001,85000000,1,slow
12,85000001,86000000,1,slow
12,86000001,87000000,1,fast
12,87000001,88000000,1,fast
12,88000001,89000000,1,slow
12,89000001,90000000,1,fast
12,90000001,91000000,1,slow
12,91000001,92000000,1,fast
12,92000001,93000000,1,fast
12,93000001,94000000,1,fast
12,94000001,95000000,1,fast
12,95000001,96000000,1,fast
12,96000001,97000000,1,slow
12,97000001,98000000,1,fast
12,98000001,99000000,1,slow
12,99000001,100000000,1,fast
12,100000001,101000000,1,slow
12,101000001,102000000,1,slow
12,102000001,103000000,1,slow
12,103000001,104000000,1,slow
12,104000001,105000000,1,fast
12,105000001,106000000,1,slow
12,106000001,107000000,1,slow
12,107000001,108000000,1,fast
12,108000001,109000000,1,fast
12,109000001,110000000,1,slow
12,110000001,111000000,1,slow
12,111000001,112000000,1,fast
12,112000001,113000000,1,slow
12,113000001,114000000,1,fast
12,114000001,115000000,1,slow
12,115000001,116000000,1,fast
12,116000001,117000000,1,slow
12,117000001,118000000,1,slow
12,118000001,119000000,1,slow
12,119000001,120000000,1,fast
12,120000001,121000000,1,fast
12,121000001,122000000,1,fast
12,122000001,123000000,1,fast
12,123000001,124000000,1,slow
12,124000001,125000000,1,fast
12,125000001,126000000,1,slow
12,126000001,127000000,1,slow
12,127000001,128000000,1,fast
12,128000001,129000000,1,slow
12,129000001,130000000,1,fast
12,130000001,131000000,1,fast
12,131000001,132000000,1,fast
12,132000001,133000000,1,slow
12,133000001,133275309,1,slow
13,1,1000000,1,fast
13,1000001,2000000,1,slow
13,2000001,3000000,1,slow
13,3000001,4000000,1,fast
13,4000001,5000000,1,slow
13,5000001,6000000,1,slow
13,6000001,7000000,1,slow
13,7000001,8000000,1,slow
13,8000001,9000000,1,fast
13,9000001,10000000,1,fast
13,10000001,11000000,1,slow
13,11000001,12000000,1,slow
13,12000001,13000000,1,fast
13,13000001,14000000,1,slow
13,14000001,15000000,1,fast
13,15000001,16000000,1,slow
13,16000001,17000000,1,fast
13,17000001,18000000,1,fast
13,18000001,19000000,1,fast
13,19000001,20000000,1,fast
13,20000001,21000000,1,fast
13,21000001,22000000,1,fast
13,22000001,23000000,1,slow
13,23000001,24000000,1,slow
13,24000001,25000000,1,fast
13,25000001,26000000,1,fast
13,26000001,27000000,1,slow
13,27000001,28000000,1,slow
13,28000001,29000000,1,slow
13,29000001,30000000,1,fast
13,30000001,31000000,1,fast
13,31000001,32000000,1,slow
13,32000001,33000000,1,slow
13,33000001,34000000,1,slow
13,34000001,35000000,1,fast
13,35000001,36000000,1,slow
13,36000001,37000000,1,fast
13,37000001,38000000,1,slow
13,38000001,39000000,1,slow
13,39000001,40000000,1,slow
13,40000001,41000000,1,fast
13,41000001,42000000,1,slow
13,42000001,43000000,1,slow
13,43000001,44000000,1,slow
13,44000001,45000000,1,fast
13,45000001,46000000,1,fast
13,46000001,47000000,1,fast
13,47000001,48000000,1,slow
13,48000001,49000000,1,fast
13,49000001,50000000,1,slow
13,50000001,51000000,1,fast
13,51000001,52000000,1,slow
13,52000001,53000000,1,fast
13,53000001,54000000,1,slow
13,54000001,55000000,1,fast
13,55000001,56000000,1,fast
13,56000001,57000000,1,fast
13,57000001,58000000,1,slow
13,58000001,59000000,1,fast
13,59000001,60000000,1,fast
13,60000001,61000000,1,slow
13,61000001,62000000,1,slow
13,62000001,63000000,1,slow
13,63000001,64000000,1,slow
13,64000001,65000000,1,slow
13,65000001,66000000,1,fast
13,66000001,67000000,1,slow
13,67000001,68000000,1,slow
13,68000001,69000000,1,slow
13,69000001,70000000,1,fast
13,70000001,71000000,1,fast
13,71000001,72000000,1,slow
13,72000001,73000000,1,slow
13,73000001,74000000,1,fast
13,74000001,75000000,1,fast
13,75000001,76000000,1,slow
13,76000001,77000000,1,slow
13,77000001,78000000,1,fast
13,78000001,79000000,1,slow
13,79000001,80000000,1,slow
13,80000001,81000000,1,slow
13,81000001,82000000,1,fast
13,82000001,83000000,1,slow
13,83000001,84000000,1,fast
13,84000001,85000000,1,slow
13,85000001,86000000,1,slow
13,86000001,87000000,1,fast
13,87000001,88000000,1,fast
13,88000001,89000000,1,slow
13,89000001,90000000,1,slow
13,90000001,91000000,1,fast
13,91000001,92000000,1,slow
13,92000001,93000000,1,slow
13,93000001,94000000,1,slow
13,94000001,95000000,1,fast
13,95000001,96000000,1,slow
13,96000001,97000000,1,slow
13,97000001,98000000,1,fast
13,98000001,99000000,1,slow
13,99000001,100000000,1,slow
13,100000001,101000000,1,slow
13,101000001,102000000,1,fast
13,102000001,103000000,1,fast
13,103000001,104000000,1,slow
13,104000001,105000000,1,fast
13,105000001,106000000,1,fast
13,106000001,107000000,1,fast
13,107000001,108000000,1,fast
13,108000001,109000000,1,slow
13,109000001,110000000,1,slow
13,110000001,111000000,1,fast
13,111000001,112000000,1,slow
13,112000001,113000000,1,fast
13,113000001,114000000,1,slow
13,114000001,114364328,1,fast
14,1,1000000,1,fast
14,1000001,2000000,1,slow
14,2000001,3000000,1,slow
14,3000001,4000000,1,fast
14,4000001,5000000,1,fast
14,5000001,6000000,1,slow
14,6000001,7000000,1,fast
14,7000001,8000000,1,fast
14,8000001,9000000,1,slow
14,9000001,10000000,1,slow
14,10000001,11000000,1,fast
14,11000001,12000000,1,slow
14,12000001,13000000,1,fast
14,13000001,14000000,1,slow
14,14000001,15000000,1,fast
14,15000001,16000000,1,slow
14,16000001,17000000,1,fast
14,17000001,18000000,1,slow
14,18000001,19000000,1,slow
14,19000001,20000000,1,fast
14,20000001,21000000,1,slow
14,21000001,22000000,1,slow
14,22000001,23000000,1,fast
14,23000001,24000000,1,slow
14,24000001,25000000,1,fast
14,25000001,26000000,1,fast
14,26000001,27000000,1,fast
14,27000001,28000000,1,slow
14,28000001,29000000,1,slow
14,29000001,30000000,1,slow
14,30000001,31000000,1,slow
14,31000001,32000000,1,slow
14,32000001,33000000,1,fast
14,33000001,34000000,1,slow
14,34000001,35000000,1,fast
14,35000001,36000000,1,slow
14,36000001,37000000,1,slow
14,37000001,38000000,1,fast
14,38000001,39000000,1,slow
14,39000001,40000000,1,fast
14,40000001,41000000,1,fast
14,41000001,42000000,1,fast
14,42000001,43000000,1,slow
14,43000001,44000000,1,fast
14,44000001,45000000,1,fast
14,45000001,46000000,1,slow
14,46000001,47000000,1,slow
14,47000001,48000000,1,fast
14,48000001,49000000,1,fast
14,49000001,50000000,1,slow
14,50000001,51000000,1,slow
14,51000001,52000000,1,fast
14,52000001,53000000,1,fast
14,53000001,54000000,1,slow
14,54000001,55000000,1,slow
14,55000001,56000000,1,fast
14,56000001,57000000,1,slow
14,57000001,58000000,1,slow
14,58000001,59000000,1,fast
14,59000001,60000000,1,fast
14,60000001,61000000,1,slow
14,61000001,62000000,1,slow
14,62000001,63000000,1,fast
14,63000001,64000000,1,fast
14,64000001,65000000,1,slow
14,65000001,66000000,1,slow
14,66000001,67000000,1,fast
14,67000001,68000000,1,slow
14,68000001,69000000,1,slow
14,69000001,70000000,1,slow
14,70000001,71000000,1,fast
14,71000001,72000000,1,fast
14,72000001,73000000,1,fast
14,73000001,74000000,1,fast
14,74000001,75000000,1,fast
14,75000001,76000000,1,fast
14,76000001,77000000,1,slow
14,77000001,78000000,1,fast
14,78000001,79000000,1,slow
14,79000001,80000000,1,slow
14,80000001,81000000,1,fast
14,81000001,82000000,1,slow
14,82000001,83000000,1,slow
14,83000001,84000000,1,fast
14,84000001,85000000,1,fast
14,85000001,86000000,1,fast
14,86000001,87000000,1,fast
14,87000001,88000000,1,slow
14,88000001,89000000,1,slow
14,89000001,90000000,1,fast
14,90000001,91000000,1,slow
14,91000001,92000000,1,slow
14,92000001,93000000,1,fast
14,93000001,94000000,1,slow
14,94000001,95000000,1,slow
14,95000001,96000000,1,slow
14,96000001,97000000,1,fast
14,97000001,98000000,1,fast
14,98000001,99000000,1,slow
14,99000001,100000000,1,fast
14,100000001,101000000,1,fast
14,101000001,102000000,1,slow
14,102000001,103000000,1,slow
14,103000001,104000000,1,slow
14,104000001,105000000,1,fast
14,105000001,106000000,1,slow
14,106000001,107000000,1,slow
14,107000001,107043718,1,fast
15,1,1000000,1,fast
15,1000001,2000000,1,slow
15,2000001,3000000,1,fast
15,3000001,4000000,1,fast
15,4000001,5000000,1,slow
15,5000001,6000000,1,fast
15,6000001,7000000,1,fast
15,7000001,8000000,1,fast
15,8000001,9000000,1,fast
15,9000001,10000000,1,fast
15,10000001,11000000,1,fast
15,11000001,12000000,1,fast
15,12000001,13000000,1,slow
15,13000001,14000000,1,fast
15,14000001,15000000,1,slow
15,15000001,16000000,1,fast
15,16000001,17000000,1,slow
15,17000001,18000000,1,slow
15,18000001,19000000,1,slow
15,19000001,20000000,1,fast
15,20000001,21000000,1,slow
15,21000001,22000000,1,slow
15,22000001,23000000,1,slow
15,23000001,24000000,1,slow
15,24000001,25000000,1,fast
15,25000001,26000000,1,slow
15,26000001,27000000,1,slow
15,27000001,28000000,1,slow
15,28000001,29000000,1,slow
15,29000001,30000000,1,fast
15,30000001,31000000,1,fast
15,31000001,32000000,1,slow
15,32000001,33000000,1,fast
15,33000001,34000000,1,fast
15,34000001,35000000,1,fast
15,35000001,36000000,1,fast
15,36000001,37000000,1,slow
15,37000001,38000000,1,fast
15,38000001,39000000,1,fast
15,39000001,40000000,1,slow
15,40000001,41000000,1,fast
15,41000001,42000000,1,slow
15,42000001,43000000,1,fast
15,43000001,44000000,1,fast
15,44000001,45000000,1,fast
15,45000001,46000000,1,slow
15,46000001,47000000,1,fast
15,47000001,48000000,1,fast
15,48000001,49000000,1,slow
15,49000001,50000000,1,fast
15,50000001,51000000,1,fast
15,51000001,52000000,1,fast
15,52000001,53000000,1,fast
15,53000001,54000000,1,fast
15,54000001,55000000,1,slow
15,55000001,56000000,1,slow
15,56000001,57000000,1,fast
15,57000001,58000000,1,fast
15,58000001,59000000,1,fast
15,59000001,60000000,1,fast
15,60000001,61000000,1,slow
15,61000001,62000000,1,slow
15,62000001,63000000,1,slow
15,63000001,64000000,1,fast
15,64000001,65000000,1,slow
15,65000001,66000000,1,slow
15,66000001,67000000,1,slow
15,67000001,68000000,1,slow
15,68000001,69000000,1,fast
15,69000001,70000000,1,slow
15,70000001,71000000,1,fast
15,71000001,72000000,1,slow
15,72000001,73000000,1,slow
15,73000001,74000000,1,fast
15,74000001,75000000,1,fast
15,75000001,76000000,1,fast
15,76000001,77000000,1,slow
15,77000001,78000000,1,fast
15,78000001,79000000,1,slow
15,79000001,80000000,1,fast
15,80000001,81000000,1,slow
15,81000001,82000000,1,fast
15,82000001,83000000,1,fast
15,83000001,84000000,1,slow
15,84000001,85000000,1,fast
15,85000001,86000000,1,fast
15,86000001,87000000,1,slow
15,87000001,88000000,1,fast
15,88000001,89000000,1,slow
15,89000001,90000000,1,slow
15,90000001,91000000,1,fast
15,91000001,92000000,1,fast
15,92000001,93000000,1,fast
15,93000001,94000000,1,fast
15,94000001,95000000,1,fast
15,95000001,96000000,1,fast
15,96000001,97000000,1,slow
15,97000001,98000000,1,slow
15,98000001,99000000,1,fast
15,99000001,100000000,1,fast
15,100000001,101000000,1,fast
15,101000001,101991189,1,slow
16,1,1000000,1,slow
16,1000001,2000000,1,slow
16,2000001,3000000,1,fast
16,3000001,4000000,1,fast
16,4000001,5000000,1,fast
16,5000001,6000000,1,fast
16,6000001,7000000,1,slow
16,7000001,8000000,1,fast
16,8000001,9000000,1,fast
16,9000001,10000000,1,slow
16,10000001,11000000,1,fast
16,11000001,12000000,1,fast
16,12000001,13000000,1,fast
16,13000001,14000000,1,slow
16,14000001,15000000,1,slow
16,15000001,16000000,1,fast
16,16000001,17000000,1,fast
16,17000001,18000000,1,slow
16,18000001,19000000,1,fast
16,19000001,20000000,1,slow
16,20000001,21000000,1,fast
16,21000001,22000000,1,slow
16,22000001,23000000,1,slow
16,23000001,24000000,1,fast
16,24000001,25000000,1,slow
16,25000001,26000000,1,fast
16,26000001,27000000,1,slow
16,27000001,28000000,1,fast
16,28000001,29000000,1,fast
16,29000001,30000000,1,slow
16,30000001,31000000,1,fast
16,31000001,32000000,1,fast
16,32000001,33000000,1,fast
16,33000001,34000000,1,slow
16,34000001,35000000,1,slow
16,35000001,36000000,1,fast
16,36000001,37000000,1,slow
16,37000001,38000000,1,slow
16,38000001,39000000,1,fast
16,39000001,40000000,1,slow
16,40000001,41000000,1,slow
16,41000001,42000000,1,fast
16,42000001,43000000,1,slow
16,43000001,44000000,1,fast
16,44000001,45000000,1,slow
16,45000001,46000000,1,slow
16,46000001,47000000,1,slow
16,47000001,48000000,1,slow
16,48000001,49000000,1,slow
16,49000001,50000000,1,fast
16,50000001,51000000,1,fast
16,51000001,52000000,1,fast
16,52000001,53000000,1,fast
16,53000001,54000000,1,fast
16,54000001,55000000,1,slow
16,55000001,56000000,1,slow
16,56000001,57000000,1,fast
16,57000001,58000000,1,slow
16,58000001,59000000,1,slow
16,59000001,60000000,1,slow
16,60000001,61000000,1,slow
16,61000001,62000000,1,slow
16,62000001,63000000,1,slow
16,63000001,64000000,1,fast
16,64000001,65000000,1,slow
16,65000001,66000000,1,fast
16,66000001,67000000,1,slow
16,67000001,68000000,1,fast
16,68000001,69000000,1,slow
16,69000001,70000000,1,fast
16,70000001,71000000,1,slow
16,71000001,72000000,1,slow
16,72000001,73000000,1,slow
16,73000001,74000000,1,slow
16,74000001,75000000,1,slow
16,75000001,76000000,1,slow
16,76000001,77000000,1,fast
16,77000001,78000000,1,fast
16,78000001,79000000,1,slow
16,79000001,80000000,1,fast
16,80000001,81000000,1,fast
16,81000001,82000000,1,fast
16,82000001,83000000,1,fast
16,83000001,84000000,1,fast
16,84000001,85000000,1,fast
16,85000001,86000000,1,fast
16,86000001,87000000,1,fast
16,87000001,88000000,1,fast
16,88000001,89000000,1,slow
16,89000001,90000000,1,slow
16,90000001,90338345,1,fast
17,1,1000000,1,fast
17,1000001,2000000,1,slow
17,2000001,3000000,1,fast
17,3000001,4000000,1,slow
17,4000001,5000000,1,fast
17,5000001,6000000,1,slow
17,6000001,7000000,1,fast
17,7000001,8000000,1,slow
17,8000001,9000000,1,fast
17,9000001,10000000,1,fast
17,10000001,11000000,1,fast
17,11000001,12000000,1,slow
17,12000001,13000000,1,fast
17,13000001,14000000,1,fast
17,14000001,15000000,1,slow
17,15000001,16000000,1,fast
17,16000001,17000000,1,fast
17,17000001,18000000,1,slow
17,18000001,19000000,1,fast
17,19000001,20000000,1,slow
17,20000001,21000000,1,slow
17,21000001,22000000,1,fast
17,22000001,23000000,1,fast
17,23000001,24000000,1,fast
17,24000001,25000000,1,slow
17,25000001,26000000,1,slow
17,26000001,27000000,1,slow
17,27000001,28000000,1,fast
17,28000001,29000000,1,fast
17,29000001,30000000,1,slow
17,30000001,31000000,1,fast
17,31000001,32000000,1,slow
17,32000001,33000000,1,slow
17,33000001,34000000,1,slow
17,34000001,35000000,1,fast
17,35000001,36000000,1,slow
17,36000001,37000000,1,fast
17,37000001,38000000,1,fast
17,38000001,39000000,1,fast
17,39000001,40000000,1,slow
17,40000001,41000000,1,slow
17,41000001,42000000,1,fast
17,42000001,43000000,1,fast
17,43000001,44000000,1,fast
17,44000001,45000000,1,fast
17,45000001,46000000,1,fast
17,46000001,47000000,1,fast
17,47000001,48000000,1,fast
17,48000001,49000000,1,fast
17,49000001,50000000,1,fast
17,50000001,51000000,1,fast
17,51000001,52000000,1,fast
17,52000001,53000000,1,fast
17,53000001,54000000,1,slow
17,54000001,55000000,1,fast
17,55000001,56000000,1,slow
17,56000001,57000000,1,fast
17,57000001,58000000,1,slow
17,58000001,59000000,1,slow
17,59000001,60000000,1,slow
17,60000001,61000000,1,fast
17,61000001,62000000,1,slow
17,62000001,63000000,1,slow
17,63000001,64000000,1,slow
17,64000001,65000000,1,fast
17,65000001,66000000,1,slow
17,66000001,67000000,1,slow
17,67000001,68000000,1,slow
17,68000001,69000000,1,fast
17,69000001,70000000,1,fast
17,70000001,71000000,1,fast
17,71000001,72000000,1,slow
17,72000001,73000000,1,slow
17,73000001,74000000,1,fast
17,74000001,75000000,1,fast
17,75000001,76000000,1,slow
17,76000001,77000000,1,slow
17,77000001,78000000,1,fast
17,78000001,79000000,1,fast
17,79000001,80000000,1,slow
17,80000001,81000000,1,slow
17,81000001,82000000,1,fast
17,82000001,83000000,1,slow
17,83000001,83257441,1,fast
18,1,1000000,1,fast
18,1000001,2000000,1,slow
18,2000001,3000000,1,fast
18,3000001,4000000,1,slow
18,4000001,5000000,1,slow
18,5000001,6000000,1,fast
18,6000001,7000000,1,slow
18,7000001,8000000,1,fast
18,8000001,9000000,1,fast
18,9000001,10000000,1,fast
18,10000001,11000000,1,slow
18,11000001,12000000,1,fast
18,12000001,13000000,1,slow
18,13000001,14000000,1,slow
18,14000001,15000000,1,slow
18,15000001,16000000,1,slow
18,16000001,17000000,1,slow
18,17000001,18000000,1,fast
18,18000001,19000000,1,fast
18,19000001,20000000,1,fast
18,20000001,21000000,1,slow
18,21000001,22000000,1,fast
18,22000001,23000000,1,slow
18,23000001,24000000,1,fast
18,24000001,25000000,1,fast
18,25000001,26000000,1,slow
18,26000001,27000000,1,fast
18,27000001,28000000,1,fast
18,28000001,29000000,1,slow
18,29000001,30000000,1,fast
18,30000001,31000000,1,slow
18,31000001,32000000,1,fast
18,32000001,33000000,1,fast
18,33000001,34000000,1,slow
18,34000001,35000000,1,fast
18,35000001,36000000,1,slow
18,36000001,37000000,1,fast
18,37000001,38000000,1,slow
18,38000001,39000000,1,slow
18,39000001,40000000,1,slow
18,40000001,41000000,1,fast
18,41000001,42000000,1,fast
18,42000001,43000000,1,fast
18,43000001,44000000,1,fast
18,44000001,45000000,1,fast
18,45000001,46000000,1,fast
18,46000001,47000000,1,slow
18,47000001,48000000,1,slow
18,48000001,49000000,1,fast
18,49000001,50000000,1,fast
18,50000001,51000000,1,fast
18,51000001,52000000,1,fast
18,52000001,53000000,1,fast
18,53000001,54000000,1,slow
18,54000001,55000000,1,slow
18,55000001,56000000,1,slow
18,56000001,57000000,1,fast
18,57000001,58000000,1,slow
18,58000001,59000000,1,slow
18,59000001,60000000,1,slow
18,60000001,61000000,1,fast
18,61000001,62000000,1,fast
18,62000001,63000000,1,fast
18,63000001,64000000,1,slow
18,64000001,65000000,1,fast
18,65000001,66000000,1,slow
18,66000001,67000000,1,fast
18,67000001,68000000,1,fast
18,68000001,69000000,1,fast
18,69000001,70000000,1,fast
18,70000001,71000000,1,slow
18,71000001,72000000,1,fast
18,72000001,73000000,1,slow
18,73000001,74000000,1,fast
18,74000001,75000000,1,slow
18,75000001,76000000,1,fast
18,76000001,77000000,1,slow
18,77000001,78000000,1,fast
18,78000001,79000000,1,fast
18,79000001,80000000,1,slow
18,80000001,80373285,1,fast
19,1,1000000,1,slow
19,1000001,2000000,1,slow
19,2000001,3000000,1,slow
19,3000001,4000000,1,slow
19,4000001,5000000,1,slow
19,5000001,6000000,1,fast
19,6000001,7000000,1,slow
19,7000001,8000000,1,slow
19,8000001,9000000,1,fast
19,9000001,10000000,1,fast
19,10000001,11000000,1,fast
19,11000001,12000000,1,slow
19,12000001,13000000,1,slow
19,13000001,14000000,1,slow
19,14000001,15000000,1,slow
19,15000001,16000000,1,fast
19,16000001,17000000,1,slow
19,17000001,18000000,1,slow
19,18000001,19000000,1,fast
19,19000001,20000000,1,slow
19,20000001,21000000,1,fast
19,21000001,22000000,1,fast
19,22000001,23000000,1,fast
19,23000001,24000000,1,fast
19,24000001,25000000,1,fast
19,25000001,26000000,1,slow
19,26000001,27000000,1,fast
19,27000001,28000000,1,slow
19,28000001,29000000,1,fast
19,29000001,30000000,1,fast
19,30000001,31000000,1,slow
19,31000001,32000000,1,slow
19,32000001,33000000,1,fast
19,33000001,34000000,1,fast
19,34000001,35000000,1,fast
19,35000001,36000000,1,fast
19,36000001,37000000,1,fast
19,37000001,38000000,1,fast
19,38000001,39000000,1,fast
19,39000001,40000000,1,slow
19,40000001,41000000,1,fast
19,41000001,42000000,1,fast
19,42000001,43000000,1,slow
19,43000001,44000000,1,fast
19,44000001,45000000,1,slow
19,45000001,46000000,1,fast
19,46000001,47000000,1,slow
19,47000001,48000000,1,fast
19,48000001,49000000,1,fast
19,49000001,50000000,1,slow
19,50000001,51000000,1,fast
19,51000001,52000000,1,fast
19,52000001,53000000,1,slow
19,53000001,54000000,1,fast
19,54000001,55000000,1,slow
19,55000001,56000000,1,slow
19,56000001,57000000,1,slow
19,57000001,58000000,1,slow
19,58000001,58617616,1,slow
20,1,1000000,1,slow
20,1000001,2000000,1,slow
20,2000001,3000000,1,slow
20,3000001,4000000,1,fast
20,4000001,5000000,1,fast
20,5000001,6000000,1,slow
20,6000001,7000000,1,slow
20,7000001,8000000,1,fast
20,8000001,9000000,1,fast
20,9000001,10000000,1,fast
20,10000001,11000000,1,slow
20,11000001,12000000,1,fast
20,12000001,13000000,1,fast
20,13000001,14000000,1,fast
20,14000001,15000000,1,fast
20,15000001,16000000,1,fast
20,16000001,17000000,1,slow
20,17000001,18000000,1,fast
20,18000001,19000000,1,fast
20,19000001,20000000,1,fast
20,20000001,21000000,1,slow
20,21000001,22000000,1,fast
20,22000001,23000000,1,fast
20,23000001,24000000,1,fast
20,24000001,25000000,1,slow
20,25000001,26000000,1,slow
20,26000001,27000000,1,fast
20,27000001,28000000,1,fast
20,28000001,29000000,1,fast
20,29000001,30000000,1,fast
20,30000001,31000000,1,fast
20,31000001,32000000,1,fast
20,32000001,33000000,1,slow
20,33000001,34000000,1,slow
20,34000001,35000000,1,fast
20,35000001,36000000,1,fast
20,36000001,37000000,1,fast
20,37000001,38000000,1,slow
20,38000001,39000000,1,fast
20,39000001,40000000,1,slow
20,40000001,41000000,1,fast
20,41000001,42000000,1,slow
20,42000001,43000000,1,fast
20,43000001,44000000,1,fast
20,44000001,45000000,1,slow
20,45000001,46000000,1,slow
20,46000001,47000000,1,slow
20,47000001,48000000,1,slow
20,48000001,49000000,1,slow
20,49000001,50000000,1,fast
20,50000001,51000000,1,fast
20,51000001,52000000,1,slow
20,52000001,53000000,1,slow
20,53000001,54000000,1,slow
20,54000001,55000000,1,slow
20,55000001,56000000,1,slow
20,56000001,57000000,1,fast
20,57000001,58000000,1,slow
20,58000001,59000000,1,slow
20,59000001,60000000,1,fast
20,60000001,61000000,1,fast
20,61000001,62000000,1,fast
20,62000001,63000000,1,fast
20,63000001,64000000,1,slow
20,64000001,64444167,1,fast
21,1,1000000,1,fast
21,1000001,2000000,1,slow
21,2000001,3000000,1,slow
21,3000001,4000000,1,slow
21,4000001,5000000,1,slow
21,5000001,6000000,1,fast
21,6000001,7000000,1,fast
21,7000001,8000000,1,slow
21,8000001,9000000,1,fast
21,9000001,10000000,1,slow
21,10000001,11000000,1,fast
21,11000001,12000000,1,fast
21,12000001,13000000,1,slow
21,13000001,14000000,1,slow
21,14000001,15000000,1,slow
21,15000001,16000000,1,slow
21,16000001,17000000,1,fast
21,17000001,18000000,1,slow
21,18000001,19000000,1,slow
21,19000001,20000000,1,fast
21,20000001,21000000,1,fast
21,21000001,22000000,1,fast
21,22000001,23000000,1,fast
21,23000001,24000000,1,fast
21,24000001,25000000,1,slow
21,25000001,26000000,1,slow
21,26000001,27000000,1,slow
21,27000001,28000000,1,fast
21,28000001,29000000,1,slow
21,29000001,30000000,1,fast
21,30000001,31000000,1,fast
21,31000001,32000000,1,slow
21,32000001,33000000,1,slow
21,33000001,34000000,1,fast
21,34000001,35000000,1,slow
21,35000001,36000000,1,fast
21,36000001,37000000,1,fast
21,37000001,38000000,1,slow
21,38000001,39000000,1,slow
21,39000001,40000000,1,fast
21,40000001,41000000,1,fast
21,41000001,42000000,1,fast
21,42000001,43000000,1,slow
21,43000001,44000000,1,fast
21,44000001,45000000,1,slow
21,45000001,46000000,1,fast
21,46000001,46709983,1,fast
22,1,1000000,1,fast
22,1000001,2000000,1,fast
22,2000001,3000000,1,fast
22,3000001,4000000,1,slow
22,4000001,5000000,1,fast
22,5000001,6000000,1,fast
22,6000001,7000000,1,fast
22,7000001,8000000,1,fast
22,8000001,9000000,1,slow
22,9000001,10000000,1,fast
22,10000001,11000000,1,slow
22,11000001,12000000,1,slow
22,12000001,13000000,1,slow
22,13000001,14000000,1,fast
22,14000001,15000000,1,fast
22,15000001,16000000,1,slow
22,16000001,17000000,1,slow
22,17000001,18000000,1,fast
22,18000001,19000000,1,slow
22,19000001,20000000,1,fast
22,20000001,21000000,1,slow
22,21000001,22000000,1,slow
22,22000001,23000000,1,slow
22,23000001,24000000,1,fast
22,24000001,25000000,1,slow
22,25000001,26000000,1,fast
22,26000001,27000000,1,fast
22,27000001,28000000,1,slow
22,28000001,29000000,1,fast
22,29000001,30000000,1,slow
22,30000001,31000000,1,slow
22,31000001,32000000,1,slow
22,32000001,33000000,1,slow
22,33000001,34000000,1,slow
22,34000001,35000000,1,fast
22,35000001,36000000,1,slow
22,36000001,37000000,1,slow
22,37000001,38000000,1,slow
22,38000001,39000000,1,fast
22,39000001,40000000,1,fast
22,40000001,41000000,1,slow
22,41000001,42000000,1,slow
22,42000001,43000000,1,fast
22,43000001,44000000,1,fast
22,44000001,45000000,1,fast
22,45000001,46000000,1,fast
22,46000001,47000000,1,fast
22,47000001,48000000,1,slow
22,48000001,49000000,1,fast
22,49000001,50000000,1,slow
22,50000001,50818468,1,slow
X,1,1000000,1,slow
X,1000001,2000000,1,slow
X,2000001,3000000,1,slow
X,3000001,4000000,1,slow
X,4000001,5000000,1,fast
X,5000001,6000000,1,fast
X,6000001,7000000,1,slow
X,7000001,8000000,1,fast
X,8000001,9000000,1,slow
X,9000001,10000000,1,slow
X,10000001,11000000,1,fast
X,11000001,12000000,1,fast
X,12000001,13000000,1,fast
X,13000001,14000000,1,slow
X,14000001,15000000,1,fast
X,15000001,16000000,1,fast
X,16000001,17000000,1,slow
X,17000001,18000000,1,fast
X,18000001,19000000,1,slow
X,19000001,20000000,1,slow
X,20000001,21000000,1,fast
X,21000001,22000000,1,slow
X,22000001,23000000,1,slow
X,23000001,24000000,1,fast
X,24000001,25000000,1,slow
X,25000001,26000000,1,slow
X,26000001,27000000,1,slow
X,27000001,28000000,1,fast
X,28000001,29000000,1,fast
X,29000001,30000000,1,slow
X,30000001,31000000,1,fast
X,31000001,32000000,1,fast
X,32000001,33000000,1,slow
X,33000001,34000000,1,fast
X,34000001,35000000,1,fast
X,35000001,36000000,1,fast
X,36000001,37000000,1,slow
X,37000001,38000000,1,fast
X,38000001,39000000,1,slow
X,39000001,40000000,1,fast
X,40000001,41000000,1,slow
X,41000001,42000000,1,fast
X,42000001,43000000,1,fast
X,43000001,44000000,1,slow
X,44000001,45000000,1,fast
X,45000001,46000000,1,fast
X,46000001,47000000,1,fast
X,47000001,48000000,1,fast
X,48000001,49000000,1,slow
X,49000001,50000000,1,fast
X,50000001,51000000,1,slow
X,51000001,52000000,1,slow
X,52000001,53000000,1,slow
X,53000001,54000000,1,slow
X,54000001,55000000,1,slow
X,55000001,56000000,1,slow
X,56000001,57000000,1,fast
X,57000001,58000000,1,fast
X,58000001,59000000,1,slow
X,59000001,60000000,1,fast
X,60000001,61000000,1,fast
X,61000001,62000000,1,slow
X,62000001,63000000,1,slow
X,63000001,64000000,1,slow
X,64000001,65000000,1,slow
X,65000001,66000000,1,slow
X,66000001,67000000,1,fast
X,67000001,68000000,1,fast
X,68000001,69000000,1,fast
X,69000001,70000000,1,slow
X,70000001,71000000,1,slow
X,71000001,72000000,1,fast
X,72000001,73000000,1,fast
X,73000001,74000000,1,slow
X,74000001,75000000,1,fast
X,75000001,76000000,1,fast
X,76000001,77000000,1,slow
X,77000001,78000000,1,slow
X,78000001,79000000,1,fast
X,79000001,80000000,1,slow
X,80000001,81000000,1,slow
X,81000001,82000000,1,slow
X,82000001,83000000,1,fast
X,83000001,84000000,1,slow
X,84000001,85000000,1,fast
X,85000001,86000000,1,slow
X,86000001,87000000,1,fast
X,87000001,88000000,1,slow
X,88000001,89000000,1,slow
X,89000001,90000000,1,slow
X,90000001,91000000,1,fast
X,91000001,92000000,1,slow
X,92000001,93000000,1,slow
X,93000001,94000000,1,fast
X,94000001,95000000,1,slow
X,95000001,96000000,1,fast
X,96000001,97000000,1,slow
X,97000001,98000000,1,slow
X,98000001,99000000,1,slow
X,99000001,100000000,1,slow
X,100000001,101000000,1,fast
X,101000001,102000000,1,fast
X,102000001,103000000,1,slow
X,103000001,104000000,1,slow
X,104000001,105000000,1,slow
X,105000001,106000000,1,fast
X,106000001,107000000,1,slow
X,107000001,108000000,1,slow
X,108000001,109000000,1,slow
X,109000001,110000000,1,slow
X,110000001,111000000,1,slow
X,111000001,112000000,1,slow
X,112000001,113000000,1,fast
X,113000001,114000000,1,fast
X,114000001,115000000,1,fast
X,115000001,116000000,1,slow
X,116000001,117000000,1,fast
X,117000001,118000000,1,fast
X,118000001,119000000,1,slow
X,119000001,120000000,1,fast
X,120000001,121000000,1,fast
X,121000001,122000000,1,slow
X,122000001,123000000,1,fast
X,123000001,124000000,1,fast
X,124000001,125000000,1,fast
X,125000001,126000000,1,fast
X,126000001,127000000,1,fast
X,127000001,128000000,1,fast
X,128000001,129000000,1,fast
X,129000001,130000000,1,slow
X,130000001,131000000,1,slow
X,131000001,132000000,1,slow
X,132000001,133000000,1,slow
X,133000001,134000000,1,slow
X,134000001,135000000,1,slow
X,135000001,136000000,1,slow
X,136000001,137000000,1,fast
X,137000001,138000000,1,fast
X,138000001,139000000,1,fast
X,139000001,140000000,1,slow
X,140000001,141000000,1,fast
X,141000001,142000000,1,fast
X,142000001,143000000,1,fast
X,143000001,144000000,1,slow
X,144000001,145000000,1,slow
X,145000001,146000000,1,fast
X,146000001,147000000,1,slow
X,147000001,148000000,1,fast
X,148000001,149000000,1,slow
X,149000001,150000000,1,slow
X,150000001,151000000,1,fast
X,151000001,152000000,1,fast
X,152000001,153000000,1,slow
X,153000001,154000000,1,slow
X,154000001,155000000,1,fast
X,155000001,156000000,1,fast
X,156000001,156040895,1,slow
Y,1,1000000,1,fast
Y,1000001,2000000,1,slow
Y,2000001,3000000,1,fast
Y,3000001,4000000,1,fast
Y,4000001,5000000,1,fast
Y,5000001,6000000,1,slow
Y,6000001,7000000,1,slow
Y,7000001,8000000,1,slow
Y,8000001,9000000,1,slow
Y,9000001,10000000,1,fast
Y,10000001,11000000,1,fast
Y,11000001,12000000,1,fast
Y,12000001,13000000,1,fast
Y,13000001,14000000,1,fast
Y,14000001,15000000,1,fast
Y,15000001,16000000,1,slow
Y,16000001,17000000,1,slow
Y,17000001,18000000,1,slow
Y,18000001,19000000,1,slow
Y,19000001,20000000,1,slow
Y,20000001,21000000,1,fast
Y,21000001,22000000,1,fast
Y,22000001,23000000,1,slow
Y,23000001,24000000,1,fast
Y,24000001,25000000,1,fast
Y,25000001,26000000,1,fast
Y,26000001,27000000,1,slow
Y,27000001,28000000,1,fast
Y,28000001,29000000,1,slow
Y,29000001,30000000,1,slow
Y,30000001,31000000,1,slow
Y,31000001,32000000,1,fast
Y,32000001,33000000,1,fast
Y,33000001,34000000,1,slow
Y,34000001,35000000,1,slow
Y,35000001,36000000,1,slow
Y,36000001,37000000,1,fast
Y,37000001,38000000,1,fast
Y,38000001,39000000,1,fast
Y,39000001,40000000,1,fast
Y,40000001,41000000,1,slow
Y,41000001,42000000,1,slow
Y,42000001,43000000,1,fast
Y,43000001,44000000,1,slow
Y,44000001,45000000,1,fast
Y,45000001,46000000,1,fast
Y,46000001,47000000,1,slow
Y,47000001,48000000,1,fast
Y,48000001,49000000,1,fast
Y,49000001,50000000,1,slow
Y,50000001,51000000,1,slow
Y,51000001,52000000,1,slow
Y,52000001,53000000,1,slow
Y,53000001,54000000,1,fast
Y,54000001,55000000,1,slow
Y,55000001,56000000,1,slow
Y,56000001,57000000,1,slow
Y,57000001,57227415,1,slow
